Time,GPU Util (%),Memory Used (MB),Temp (C)
17:21:30.628,0,348,38
17:21:30.729,2,348,38
17:21:30.829,2,351,38
17:21:30.929,1,349,38
17:21:31.030,1,348,38
17:21:31.130,0,348,38
17:21:31.231,1,348,38
17:21:31.331,1,348,38
17:21:31.432,1,350,38
17:21:31.532,1,350,38
17:21:31.633,1,350,38
17:21:31.733,0,350,38
17:21:31.834,0,350,38
17:21:31.934,0,353,38
17:21:32.035,0,353,38
17:21:32.135,6,352,38
17:21:32.236,3,384,38
17:21:32.336,3,384,38
17:21:32.437,44,384,39
17:21:32.537,44,384,40
17:21:32.637,100,386,39
17:21:32.738,94,386,40
17:21:32.838,94,386,40
17:21:32.938,100,386,40
17:21:33.039,100,386,40
17:21:33.139,91,386,40
17:21:33.239,94,382,41
17:21:33.340,94,382,41
17:21:33.440,100,382,41
17:21:33.540,100,382,41
17:21:33.641,82,382,42
17:21:33.741,100,382,42
17:21:33.841,100,382,42
17:21:33.942,94,382,41
17:21:34.042,94,382,41
17:21:34.142,100,382,41
17:21:34.243,100,382,41
17:21:34.343,100,382,42
17:21:34.443,96,382,42
17:21:34.544,96,382,41
17:21:34.644,98,382,41
17:21:34.744,93,382,41
17:21:34.845,93,382,41
17:21:34.945,90,382,41
17:21:35.045,90,382,41
17:21:35.146,100,382,41
17:21:35.246,90,382,41
17:21:35.346,90,382,41
17:21:35.447,100,382,41
17:21:35.547,100,382,41
17:21:35.648,73,382,41
17:21:35.748,100,382,41
17:21:35.848,100,382,41
17:21:35.949,65,382,41
17:21:36.049,65,382,41
17:21:36.149,100,382,41
17:21:36.250,96,382,42
17:21:36.350,96,382,42
17:21:36.450,100,382,42
17:21:36.551,100,382,42
17:21:36.651,93,382,42
17:21:36.751,100,382,42
17:21:36.852,100,382,42
17:21:36.952,98,382,41
17:21:37.052,98,382,41
17:21:37.153,100,382,41
17:21:37.253,100,382,41
17:21:37.353,100,382,41
17:21:37.454,98,382,41
17:21:37.554,98,382,41
17:21:37.654,100,382,41
17:21:37.755,91,382,41
17:21:37.855,91,382,41
17:21:37.955,100,382,42
17:21:38.056,100,382,42
17:21:38.156,95,382,42
17:21:38.256,92,382,42
17:21:38.357,92,382,42
17:21:38.457,100,382,43
17:21:38.557,100,382,43
17:21:38.658,97,382,43
17:21:38.758,100,382,43
17:21:38.858,100,382,42
17:21:38.959,96,382,42
17:21:39.059,96,382,42
17:21:39.159,100,382,42
17:21:39.260,95,382,42
17:21:39.360,95,382,42
17:21:39.460,100,382,42
17:21:39.561,100,382,42
17:21:39.661,93,382,42
17:21:39.761,100,382,42
17:21:39.862,100,382,41
17:21:39.962,96,382,42
17:21:40.062,96,382,42
17:21:40.163,100,382,42
17:21:40.263,94,382,42
17:21:40.363,94,382,42
17:21:40.464,100,378,42
17:21:40.564,100,378,43
17:21:40.664,96,378,43
17:21:40.765,93,374,42
17:21:40.865,93,374,42
17:21:40.965,87,374,43
17:21:41.066,87,374,42
17:21:41.166,100,374,43
17:21:41.266,89,374,42
17:21:41.367,89,374,43
17:21:41.467,100,374,42
17:21:41.567,100,374,42
17:21:41.668,98,374,42
17:21:41.768,100,374,42
17:21:41.868,100,374,42
17:21:41.969,97,374,42
17:21:42.069,97,374,42
17:21:42.169,100,374,42
17:21:42.270,100,374,42
17:21:42.370,100,374,43
17:21:42.470,93,374,43
17:21:42.571,93,374,43
17:21:42.671,100,374,42
17:21:42.771,94,374,43
17:21:42.872,94,374,43
17:21:42.972,100,374,44
17:21:43.072,100,374,43
17:21:43.173,90,374,43
17:21:43.273,100,374,43
17:21:43.373,100,374,43
17:21:43.474,89,374,43
17:21:43.574,89,374,43
17:21:43.674,100,374,42
17:21:43.775,91,374,43
17:21:43.875,91,374,43
17:21:43.975,100,374,43
17:21:44.076,100,374,43
17:21:44.176,95,374,43
17:21:44.276,100,374,42
17:21:44.377,100,374,42
17:21:44.477,97,374,42
17:21:44.577,97,374,42
17:21:44.678,100,374,42
17:21:44.778,89,374,43
17:21:44.878,89,374,43
17:21:44.979,100,374,43
17:21:45.079,100,374,43
17:21:45.179,97,374,43
17:21:45.280,100,374,43
17:21:45.380,100,374,43
17:21:45.480,94,374,43
17:21:45.580,94,374,43
17:21:45.681,100,374,43
17:21:45.781,92,374,43
17:21:45.881,92,374,43
17:21:45.982,100,374,43
17:21:46.082,100,374,43
17:21:46.182,91,374,43
17:21:46.283,99,374,43
17:21:46.383,99,374,43
17:21:46.483,99,374,43
17:21:46.584,99,374,43
17:21:46.684,100,374,42
17:21:46.784,94,374,43
17:21:46.885,94,374,43
17:21:46.985,100,374,43
17:21:47.086,94,374,43
17:21:47.186,94,374,43
17:21:47.286,100,374,43
17:21:47.387,100,374,43
17:21:47.487,93,374,43
17:21:47.587,91,374,44
17:21:47.687,91,374,44
17:21:47.788,100,374,44
17:21:47.888,100,371,43
17:21:47.988,91,371,44
17:21:48.089,100,371,44
17:21:48.189,100,371,44
17:21:48.289,100,371,43
17:21:48.390,100,371,43
17:21:48.490,92,371,43
17:21:48.590,100,371,43
17:21:48.691,100,371,44
17:21:48.791,97,371,43
17:21:48.891,97,371,44
17:21:48.992,100,371,43
17:21:49.092,94,371,43
17:21:49.192,94,371,43
17:21:49.293,100,371,43
17:21:49.393,100,371,43
17:21:49.493,98,371,43
17:21:49.594,99,371,43
17:21:49.694,99,371,44
17:21:49.794,100,371,44
17:21:49.894,100,371,44
17:21:49.995,100,371,44
17:21:50.095,100,371,44
17:21:50.196,100,371,44
17:21:50.296,92,371,44
17:21:50.396,92,371,44
17:21:50.497,100,371,44
17:21:50.597,100,371,44
17:21:50.697,100,371,44
17:21:50.798,97,371,44
17:21:50.898,97,371,44
17:21:50.998,100,371,44
17:21:51.099,97,371,43
17:21:51.199,97,371,44
17:21:51.299,100,371,44
17:21:51.400,100,371,43
17:21:51.500,94,371,43
17:21:51.601,96,371,43
17:21:51.701,96,371,43
17:21:51.801,95,371,43
17:21:51.902,95,371,43
17:21:52.002,100,371,43
17:21:52.103,94,371,43
17:21:52.203,94,371,44
17:21:52.303,97,371,44
17:21:52.404,97,371,43
17:21:52.504,100,371,44
17:21:52.604,89,371,44
17:21:52.705,89,371,44
17:21:52.805,100,371,44
17:21:52.905,100,371,44
17:21:53.006,92,371,44
17:21:53.106,100,371,44
17:21:53.206,100,371,44
17:21:53.307,92,371,44
17:21:53.407,92,371,44
17:21:53.507,100,371,44
17:21:53.607,97,371,43
17:21:53.708,97,371,44
17:21:53.808,100,371,44
17:21:53.908,100,371,44
17:21:54.009,100,371,43
17:21:54.109,94,371,44
17:21:54.209,94,371,43
17:21:54.310,100,371,43
17:21:54.410,100,371,43
17:21:54.510,100,371,43
17:21:54.611,90,371,43
17:21:54.711,90,371,43
17:21:54.811,100,371,43
17:21:54.912,100,371,44
17:21:55.012,96,371,44
17:21:55.112,100,371,44
17:21:55.213,100,371,44
17:21:55.313,92,371,44
17:21:55.413,92,371,44
17:21:55.513,100,371,44
17:21:55.614,92,371,44
17:21:55.714,92,371,44
17:21:55.814,100,371,45
17:21:55.915,100,371,45
17:21:56.015,100,371,44
17:21:56.115,98,371,44
17:21:56.216,98,371,45
17:21:56.316,100,371,44
17:21:56.416,100,371,44
17:21:56.517,97,371,44
17:21:56.617,100,371,45
17:21:56.717,100,371,44
17:21:56.817,100,371,44
17:21:56.918,100,371,44
17:21:57.018,94,371,44
17:21:57.118,100,371,44
17:21:57.219,100,371,44
17:21:57.319,100,371,44
17:21:57.419,100,371,44
17:21:57.520,97,371,44
17:21:57.620,100,371,44
17:21:57.720,100,371,44
17:21:57.821,98,371,44
17:21:57.921,98,371,44
17:21:58.021,100,371,44
17:21:58.121,100,371,45
17:21:58.222,100,371,44
17:21:58.322,98,371,45
17:21:58.422,98,371,44
17:21:58.523,100,371,44
17:21:58.623,89,371,44
17:21:58.723,89,371,44
17:21:58.824,100,371,44
17:21:58.924,100,371,44
17:21:59.024,100,371,44
17:21:59.124,97,371,44
17:21:59.225,97,371,44
17:21:59.325,100,371,45
17:21:59.425,100,371,45
17:21:59.526,100,371,44
17:21:59.626,91,371,44
17:21:59.726,91,371,44
17:21:59.827,100,371,45
17:21:59.927,100,371,45
17:22:00.027,100,371,44
17:22:00.128,100,371,44
17:22:00.228,100,371,44
17:22:00.328,96,371,44
17:22:00.429,96,371,44
17:22:00.529,100,371,44
17:22:00.629,95,371,44
17:22:00.730,95,371,44
17:22:00.830,98,371,44
17:22:00.930,98,371,44
17:22:01.030,100,371,44
17:22:01.131,92,371,44
17:22:01.231,92,371,45
17:22:01.331,100,371,45
17:22:01.432,100,371,45
17:22:01.532,100,371,44
17:22:01.632,89,371,45
17:22:01.733,89,371,45
17:22:01.833,100,371,44
17:22:01.933,100,371,45
17:22:02.034,91,371,45
17:22:02.134,100,371,45
17:22:02.234,100,371,44
17:22:02.335,91,371,45
17:22:02.435,91,371,45
17:22:02.535,100,371,45
17:22:02.636,97,371,45
17:22:02.736,97,371,45
17:22:02.836,100,371,45
17:22:02.937,100,371,46
17:22:03.037,100,371,44
17:22:03.137,92,371,44
17:22:03.237,92,371,44
17:22:03.338,100,371,44
17:22:03.438,100,371,44
17:22:03.538,100,371,44
17:22:03.639,95,371,44
17:22:03.739,95,371,44
17:22:03.839,100,371,44
17:22:03.940,100,371,44
17:22:04.040,100,371,44
17:22:04.140,96,371,45
17:22:04.241,96,371,45
17:22:04.341,100,371,45
17:22:04.441,100,371,45
17:22:04.541,100,371,45
17:22:04.642,97,371,46
17:22:04.742,97,371,45
17:22:04.842,100,371,45
17:22:04.943,100,371,45
17:22:05.043,100,371,45
17:22:05.143,95,371,45
17:22:05.244,95,371,45
17:22:05.344,100,371,45
17:22:05.444,100,371,44
17:22:05.545,100,371,45
17:22:05.645,98,371,45
17:22:05.745,98,371,45
17:22:05.846,100,371,44
17:22:05.946,100,371,45
17:22:06.046,92,371,45
17:22:06.146,100,371,45
17:22:06.247,100,371,45
17:22:06.347,100,371,45
17:22:06.447,100,371,44
17:22:06.548,90,371,44
17:22:06.648,100,371,44
17:22:06.748,100,371,44
17:22:06.849,100,371,44
17:22:06.949,100,371,44
17:22:07.049,100,371,45
17:22:07.150,97,371,45
17:22:07.250,97,371,45
17:22:07.350,100,371,45
17:22:07.451,100,371,45
17:22:07.551,100,371,44
17:22:07.651,98,371,45
17:22:07.752,98,371,45
17:22:07.852,100,371,45
17:22:07.952,100,371,45
17:22:08.053,100,371,45
17:22:08.153,99,371,45
17:22:08.253,99,371,45
17:22:08.353,100,371,45
17:22:08.454,100,371,46
17:22:08.554,99,371,46
17:22:08.654,100,371,46
17:22:08.755,100,371,46
17:22:08.855,95,371,46
17:22:08.955,95,371,46
17:22:09.056,100,371,46
17:22:09.156,95,371,46
17:22:09.256,95,371,45
17:22:09.357,100,371,45
17:22:09.457,100,371,45
17:22:09.557,92,371,45
17:22:09.658,91,371,45
17:22:09.758,91,371,45
17:22:09.858,100,371,45
17:22:09.959,100,371,45
17:22:10.059,94,371,45
17:22:10.159,100,371,45
17:22:10.260,100,371,45
17:22:10.360,92,371,46
17:22:10.460,92,371,46
17:22:10.561,100,371,46
17:22:10.661,100,371,46
17:22:10.761,100,371,45
17:22:10.862,100,371,45
17:22:10.962,100,371,46
17:22:11.062,89,371,45
17:22:11.163,100,371,45
17:22:11.263,100,371,45
17:22:11.363,93,371,45
17:22:11.464,93,371,45
17:22:11.564,100,371,45
17:22:11.664,100,371,45
17:22:11.765,100,371,45
17:22:11.865,95,371,45
17:22:11.965,95,371,45
17:22:12.065,100,371,45
17:22:12.166,98,371,45
17:22:12.266,98,371,45
17:22:12.367,94,371,45
17:22:12.467,94,371,45
17:22:12.567,100,371,45
17:22:12.668,100,371,45
17:22:12.768,100,371,45
17:22:12.868,96,371,45
17:22:12.969,96,371,45
17:22:13.069,100,371,45
17:22:13.169,100,371,45
17:22:13.270,100,371,45
17:22:13.370,94,371,46
17:22:13.471,94,371,45
17:22:13.571,100,371,46
17:22:13.671,100,371,45
17:22:13.771,100,371,45
17:22:13.872,97,371,46
17:22:13.972,97,371,46
17:22:14.073,100,371,46
17:22:14.173,100,371,46
17:22:14.273,100,371,45
17:22:14.374,95,371,46
17:22:14.474,95,371,46
17:22:14.574,100,371,46
17:22:14.675,92,371,46
17:22:14.775,92,371,46
17:22:14.876,97,371,46
17:22:14.976,97,371,46
17:22:15.076,100,371,45
17:22:15.177,80,373,45
17:22:15.277,80,373,45
17:22:15.377,100,373,45
17:22:15.478,100,373,45
17:22:15.578,97,373,45
17:22:15.679,98,373,45
17:22:15.779,98,373,45
17:22:15.879,97,373,45
17:22:15.980,97,373,45
17:22:16.080,94,373,46
17:22:16.181,100,373,45
17:22:16.281,100,373,46
17:22:16.381,97,373,46
17:22:16.482,97,373,46
17:22:16.582,100,373,46
17:22:16.683,93,373,46
17:22:16.783,93,373,46
17:22:16.883,95,373,46
17:22:16.984,95,373,46
17:22:17.084,100,373,46
17:22:17.185,100,373,46
17:22:17.285,100,373,45
17:22:17.385,89,373,46
17:22:17.486,89,373,45
17:22:17.586,100,373,45
17:22:17.686,100,373,45
17:22:17.787,100,373,46
17:22:17.887,98,373,46
17:22:17.987,98,373,45
17:22:18.088,100,373,45
17:22:18.188,100,373,45
17:22:18.288,100,373,45
17:22:18.389,100,373,45
17:22:18.489,100,373,45
17:22:18.589,100,373,46
17:22:18.690,100,373,46
17:22:18.790,100,373,46
17:22:18.890,100,373,46
17:22:18.991,100,373,46
17:22:19.091,100,373,46
17:22:19.192,100,373,46
17:22:19.292,100,373,47
17:22:19.392,100,373,47
17:22:19.493,100,373,47
17:22:19.593,100,373,47
17:22:19.693,100,373,46
17:22:19.794,100,373,46
17:22:19.894,100,373,46
17:22:19.994,100,373,46
17:22:20.095,100,373,46
17:22:20.195,100,373,46
17:22:20.295,100,373,47
17:22:20.395,100,373,46
17:22:20.496,100,373,47
17:22:20.596,100,373,47
17:22:20.697,100,373,46
17:22:20.797,100,373,46
17:22:20.897,100,373,47
17:22:20.998,100,373,47
17:22:21.098,100,373,46
17:22:21.198,100,373,47
17:22:21.298,100,373,46
17:22:21.399,100,373,46
17:22:21.499,100,373,46
17:22:21.599,100,373,46
17:22:21.700,100,373,46
17:22:21.800,100,373,46
17:22:21.900,100,373,46
17:22:21.001,100,373,45
17:22:22.101,100,373,46
17:22:22.202,100,373,46
17:22:22.302,100,373,45
17:22:22.402,84,373,45
17:22:22.503,100,373,46
17:22:22.603,100,373,45
17:22:22.703,100,373,46
17:22:22.804,100,373,46
17:22:22.904,98,373,46
17:22:23.004,100,373,46
17:22:23.104,100,373,46
17:22:23.205,91,373,46
17:22:23.305,91,373,46
17:22:23.405,100,373,46
17:22:23.506,94,373,46
17:22:23.606,94,373,46
17:22:23.706,100,373,46
17:22:23.807,100,373,46
17:22:23.907,98,373,46
17:22:24.007,100,373,47
17:22:24.108,100,373,46
17:22:24.208,96,373,46
17:22:24.308,96,373,46
17:22:24.409,100,373,46
17:22:24.509,89,373,46
17:22:24.609,89,373,46
17:22:24.710,100,373,46
17:22:24.810,100,373,46
17:22:24.910,95,373,46
17:22:25.011,100,373,46
17:22:25.111,100,373,46
17:22:25.211,98,373,45
17:22:25.312,98,373,46
17:22:25.412,92,373,46
17:22:25.512,100,373,46
17:22:25.613,100,373,46
17:22:25.713,91,373,47
17:22:25.813,91,373,47
17:22:25.914,100,373,46
17:22:26.014,91,373,47
17:22:26.114,91,373,47
17:22:26.215,100,373,46
17:22:26.315,100,373,46
17:22:26.415,91,373,46
17:22:26.516,100,373,46
17:22:26.616,100,373,46
17:22:26.716,83,373,47
17:22:26.817,83,373,46
17:22:26.917,89,373,46
17:22:27.017,100,373,46
17:22:27.118,100,373,46
17:22:27.218,91,373,46
17:22:27.318,91,373,46
17:22:27.419,100,373,46
17:22:27.519,92,373,46
17:22:27.619,92,373,46
17:22:27.720,100,373,46
17:22:27.820,100,373,46
17:22:27.920,95,373,46
17:22:28.021,100,373,46
17:22:28.121,100,373,46
17:22:28.222,96,373,46
17:22:28.322,96,373,46
17:22:28.422,100,373,46
17:22:28.522,96,373,47
17:22:28.623,96,373,47
17:22:28.723,98,373,47
17:22:28.823,98,373,46
17:22:28.924,96,373,46
17:22:29.024,90,373,46
17:22:29.124,90,373,46
17:22:29.225,100,373,46
17:22:29.325,100,373,46
17:22:29.425,100,373,46
17:22:29.526,100,373,46
17:22:29.626,100,373,46
17:22:29.726,94,373,46
17:22:29.827,94,373,46
17:22:29.927,95,373,47
17:22:30.027,98,373,47
17:22:30.128,98,373,47
17:22:30.228,98,373,47
17:22:30.328,98,373,47
17:22:30.429,100,373,47
17:22:30.529,96,373,47
17:22:30.629,96,373,47
17:22:30.730,100,373,47
17:22:30.830,100,373,46
17:22:30.930,95,373,46
17:22:31.031,100,373,47
17:22:31.131,100,373,46
17:22:31.231,94,373,47
17:22:31.332,94,373,47
17:22:31.432,100,373,46
17:22:31.532,91,373,46
17:22:31.633,91,373,46
17:22:31.733,100,373,46
17:22:31.834,100,373,46
17:22:31.934,96,373,46
17:22:32.034,90,373,46
17:22:32.135,90,373,47
17:22:32.235,100,373,47
17:22:32.335,100,373,47
17:22:32.436,90,373,47
17:22:32.536,100,373,47
17:22:32.636,100,373,47
17:22:32.737,100,373,48
17:22:32.837,100,373,47
17:22:32.937,100,373,47
17:22:33.038,90,373,47
17:22:33.138,90,373,47
17:22:33.238,100,373,47
17:22:33.339,100,373,47
17:22:33.439,97,373,47
17:22:33.539,100,373,47
17:22:33.640,100,373,48
17:22:33.740,100,373,48
17:22:33.840,100,373,48
17:22:33.941,100,373,48
17:22:34.041,100,373,48
17:22:34.141,100,373,47
17:22:34.242,100,373,47
17:22:34.342,100,373,47
17:22:34.442,100,373,47
17:22:34.542,100,373,47
17:22:34.643,100,373,47
17:22:34.743,100,373,47
17:22:34.843,100,373,47
17:22:34.944,100,373,48
17:22:35.044,100,373,47
17:22:35.144,100,373,47
17:22:35.245,100,373,47
17:22:35.345,100,373,48
17:22:35.445,100,373,48
17:22:35.545,100,373,48
17:22:35.646,100,373,47
17:22:35.746,100,373,47
17:22:35.846,100,373,47
17:22:35.947,100,373,47
17:22:36.047,100,373,47
17:22:36.147,100,373,48
17:22:36.248,100,373,48
17:22:36.348,100,373,48
17:22:36.448,100,373,47
17:22:36.549,100,373,47
17:22:36.649,100,373,47
17:22:36.749,100,373,47
17:22:36.849,100,373,47
17:22:36.950,100,373,46
17:22:37.050,100,373,47
17:22:37.150,100,373,47
17:22:37.251,100,373,47
17:22:37.351,100,373,47
17:22:37.452,100,371,46
17:22:37.552,89,371,47
17:22:37.652,89,371,47
17:22:37.753,100,371,47
17:22:37.853,100,371,47
17:22:37.953,93,371,47
17:22:38.054,91,371,47
17:22:38.154,91,371,47
17:22:38.254,100,371,47
17:22:38.355,100,371,47
17:22:38.455,95,371,47
17:22:38.555,100,371,46
17:22:38.656,100,371,47
17:22:38.756,92,371,47
17:22:38.856,92,371,47
17:22:38.957,100,371,48
17:22:39.057,100,371,48
17:22:39.157,100,371,47
17:22:39.258,96,371,47
17:22:39.358,96,371,47
17:22:39.458,100,371,47
17:22:39.559,91,371,47
17:22:39.659,91,371,47
17:22:39.759,91,371,48
17:22:39.860,91,371,48
17:22:39.960,100,371,48
17:22:40.060,93,371,48
17:22:40.161,93,371,47
17:22:40.261,100,371,47
17:22:40.361,100,371,47
17:22:40.462,98,371,47
17:22:40.562,95,371,47
17:22:40.662,95,371,47
17:22:40.763,100,371,48
17:22:40.863,100,371,48
17:22:40.963,100,371,48
17:22:41.064,100,371,48
17:22:41.164,100,371,47
17:22:41.264,100,371,47
17:22:41.365,100,371,47
17:22:41.465,100,371,48
17:22:41.565,100,371,47
17:22:41.666,100,371,48
17:22:41.766,100,371,48
17:22:41.866,100,371,48
17:22:41.966,100,371,47
17:22:42.067,100,371,48
17:22:42.167,100,371,48
17:22:42.267,100,371,48
17:22:42.368,100,371,48
17:22:42.468,100,371,48
17:22:42.568,100,371,49
17:22:42.669,100,371,49
17:22:42.769,100,371,48
17:22:42.869,100,371,47
17:22:42.970,100,371,47
17:22:43.070,100,371,47
17:22:43.170,100,371,47
17:22:43.271,91,371,47
17:22:43.371,91,371,48
17:22:43.471,100,371,47
17:22:43.572,93,371,48
17:22:43.672,93,371,48
17:22:43.772,100,371,48
17:22:43.873,100,371,47
17:22:43.973,92,371,47
17:22:44.073,100,371,47
17:22:44.174,100,371,47
17:22:44.274,90,371,47
17:22:44.374,90,371,47
17:22:44.475,87,371,48
17:22:44.575,100,371,48
17:22:44.675,100,371,48
17:22:44.776,100,371,48
17:22:44.876,100,371,48
17:22:44.976,91,371,48
17:22:45.077,99,371,48
17:22:45.177,99,371,47
17:22:45.277,91,371,48
17:22:45.378,91,371,48
17:22:45.478,100,371,48
17:22:45.578,100,371,48
17:22:45.679,100,371,47
17:22:45.779,93,371,47
17:22:45.879,93,371,47
17:22:45.980,100,371,47
17:22:46.080,94,371,47
17:22:46.181,94,371,47
17:22:46.281,93,371,48
17:22:46.381,93,371,48
17:22:46.482,100,371,48
17:22:46.582,96,371,48
17:22:46.682,96,371,47
17:22:46.782,100,371,48
17:22:46.883,100,371,48
17:22:46.983,100,371,48
17:22:47.083,100,371,48
17:22:47.184,100,371,48
17:22:47.284,100,371,47
17:22:47.384,100,371,47
17:22:47.485,100,371,47
17:22:47.585,100,371,47
17:22:47.685,100,371,47
17:22:47.786,100,371,47
17:22:47.886,100,371,47
17:22:47.986,100,371,47
17:22:48.087,93,371,48
17:22:48.187,93,371,48
17:22:48.287,100,371,48
17:22:48.388,100,371,48
17:22:48.488,96,371,48
17:22:48.588,98,371,48
17:22:48.689,98,371,48
17:22:48.789,100,371,48
17:22:48.889,100,371,48
17:22:48.990,100,371,48
17:22:49.090,100,371,48
17:22:49.190,100,371,48
17:22:49.291,100,371,48
17:22:49.391,100,371,47
17:22:49.491,100,371,47
17:22:49.591,97,371,47
17:22:49.692,97,371,48
17:22:49.792,100,371,48
17:22:49.893,100,371,47
17:22:49.993,90,371,48
17:22:50.093,95,371,48
17:22:50.194,95,371,48
17:22:50.294,100,371,48
17:22:50.394,100,371,48
17:22:50.495,90,371,48
17:22:50.595,91,371,47
17:22:50.696,91,371,47
17:22:50.796,100,371,47
17:22:50.896,100,371,47
17:22:50.997,92,371,47
17:22:51.097,100,371,47
17:22:51.197,100,371,48
17:22:51.298,92,371,48
17:22:51.398,92,371,48
17:22:51.498,92,371,48
17:22:51.599,100,371,49
17:22:51.699,100,371,48
17:22:51.799,90,371,48
17:22:51.900,100,371,49
17:22:51.000,100,371,48
17:22:52.100,94,371,48
17:22:52.201,94,371,48
17:22:52.301,96,371,48
17:22:52.401,100,371,48
17:22:52.502,100,371,48
17:22:52.602,92,371,48
17:22:52.703,92,371,48
17:22:52.803,68,371,47
17:22:52.903,78,371,47
17:22:53.004,78,371,47
17:22:53.104,33,371,46
17:22:53.205,33,371,47
17:22:53.305,80,371,47
17:22:53.406,27,371,47
17:22:53.506,27,371,47
17:22:53.607,82,371,48
17:22:53.707,82,371,47
17:22:53.807,26,371,47
17:22:53.908,85,371,47
17:22:54.008,85,371,47
17:22:54.109,26,371,47
17:22:54.209,26,371,48
17:22:54.309,87,371,47
17:22:54.410,23,371,47
17:22:54.510,23,371,47
17:22:54.611,89,371,47
17:22:54.711,89,371,47
17:22:54.812,39,371,47
17:22:54.912,91,371,47
17:22:55.012,91,371,47
17:22:55.113,46,371,47
17:22:55.213,46,371,47
17:22:55.314,93,371,47
17:22:55.414,44,371,47
17:22:55.515,44,371,47
17:22:55.615,95,371,47
17:22:55.715,95,371,47
17:22:55.816,51,371,47
17:22:55.916,98,371,48
17:22:56.017,98,371,47
17:22:56.117,48,371,47
17:22:56.217,48,371,48
17:22:56.318,100,371,48
17:22:56.418,58,371,47
17:22:56.518,58,371,47
17:22:56.619,100,371,47
17:22:56.719,100,371,47
17:22:56.820,49,374,47
17:22:56.920,1,374,47
17:22:57.021,1,374,47
17:22:57.121,0,404,46
17:22:57.221,0,404,47
17:22:57.322,82,404,47
17:22:57.422,76,404,47
17:22:57.522,76,404,47
17:22:57.623,91,404,47
17:22:57.723,91,404,47
17:22:57.824,63,404,47
17:22:57.924,94,404,47
17:22:58.024,94,404,47
17:22:58.125,66,404,47
17:22:58.225,66,404,48
17:22:58.325,96,404,47
17:22:58.426,89,404,47
17:22:58.526,89,404,48
17:22:58.627,98,404,48
17:22:58.727,98,404,49
17:22:58.827,100,404,48
17:22:58.928,96,404,48
17:22:59.028,96,404,48
17:22:59.128,100,404,48
17:22:59.229,100,404,48
17:22:59.329,96,404,48
17:22:59.430,100,404,48
17:22:59.530,100,404,48
17:22:59.630,96,404,48
17:22:59.730,96,404,48
17:22:59.831,100,404,48
17:22:59.931,94,404,48
17:23:00.032,94,404,48
17:23:00.132,93,404,48
17:23:00.232,93,404,48
17:23:00.333,100,404,48
17:23:00.433,58,404,47
17:23:00.533,58,404,48
17:23:00.634,100,404,48
17:23:00.734,100,404,47
17:23:00.835,63,404,48
17:23:00.935,100,404,48
17:23:01.035,100,404,47
17:23:01.136,96,404,48
17:23:01.236,96,404,48
17:23:01.336,100,404,49
17:23:01.437,100,404,48
17:23:01.537,100,404,48
17:23:01.637,90,404,48
17:23:01.738,90,404,48
17:23:01.838,100,404,47
17:23:01.938,90,404,48
17:23:02.039,90,404,48
17:23:02.139,100,404,47
17:23:02.239,100,404,47
17:23:02.340,90,404,48
17:23:02.440,100,404,47
17:23:02.540,100,404,48
17:23:02.641,100,404,47
17:23:02.741,100,404,47
17:23:02.841,97,404,48
17:23:02.942,93,404,48
17:23:03.042,93,404,48
17:23:03.143,100,404,48
17:23:03.243,100,404,48
17:23:03.343,91,404,49
17:23:03.444,100,404,49
17:23:03.544,100,404,49
17:23:03.644,96,404,49
17:23:03.745,96,404,49
17:23:03.845,100,398,48
17:23:03.945,92,398,48
17:23:04.046,92,398,48
17:23:04.146,100,398,48
17:23:04.246,100,398,48
17:23:04.347,93,398,48
17:23:04.447,100,398,48
17:23:04.547,100,398,48
17:23:04.648,91,398,48
17:23:04.748,91,398,48
17:23:04.848,100,398,48
17:23:04.949,90,398,48
17:23:05.049,90,398,48
17:23:05.149,100,398,48
17:23:05.250,100,398,48
17:23:05.350,98,398,48
17:23:05.450,100,398,48
17:23:05.551,100,398,48
17:23:05.651,89,398,48
17:23:05.751,89,398,48
17:23:05.852,100,398,48
17:23:05.952,97,398,49
17:23:06.052,97,398,48
17:23:06.153,100,398,48
17:23:06.253,100,398,49
17:23:06.353,94,398,49
17:23:06.454,100,398,49
17:23:06.554,100,398,47
17:23:06.654,89,398,48
17:23:06.755,89,398,48
17:23:06.855,100,398,48
17:23:06.955,100,398,48
17:23:07.056,100,398,48
17:23:07.156,90,398,48
17:23:07.256,90,398,48
17:23:07.357,100,398,48
17:23:07.457,93,398,49
17:23:07.557,93,398,49
17:23:07.658,100,398,48
17:23:07.758,100,398,48
17:23:07.858,91,398,49
17:23:07.959,100,398,49
17:23:08.059,100,398,49
17:23:08.160,100,398,48
17:23:08.260,100,398,49
17:23:08.360,93,398,49
17:23:08.461,96,398,48
17:23:08.561,96,398,48
17:23:08.661,100,398,48
17:23:08.762,100,398,48
17:23:08.862,93,398,49
17:23:08.963,100,398,48
17:23:09.063,100,398,48
17:23:09.163,95,398,49
17:23:09.264,95,398,48
17:23:09.364,100,398,48
17:23:09.464,94,398,48
17:23:09.565,94,398,48
17:23:09.665,100,398,48
17:23:09.766,100,398,48
17:23:09.866,91,398,48
17:23:09.966,100,398,48
17:23:10.066,100,398,48
17:23:10.167,96,398,48
17:23:10.267,96,398,49
17:23:10.368,100,398,49
17:23:10.468,93,398,48
17:23:10.568,93,398,49
17:23:10.669,100,398,49
17:23:10.769,100,398,48
17:23:10.869,92,398,49
17:23:10.970,100,398,49
17:23:11.070,100,398,49
17:23:11.170,91,398,49
17:23:11.271,91,398,48
17:23:11.371,100,395,48
17:23:11.471,96,395,48
17:23:11.572,96,395,48
17:23:11.672,100,395,48
17:23:11.772,100,395,48
17:23:11.873,84,395,48
17:23:11.973,100,395,48
17:23:12.073,100,395,48
17:23:12.174,96,395,48
17:23:12.274,96,395,49
17:23:12.374,100,395,49
17:23:12.475,100,395,48
17:23:12.575,100,395,49
17:23:12.675,92,395,49
17:23:12.776,92,395,49
17:23:12.876,100,395,49
17:23:12.976,98,395,49
17:23:13.077,98,395,49
17:23:13.177,100,395,49
17:23:13.277,100,395,49
17:23:13.378,100,395,48
17:23:13.478,93,395,49
17:23:13.578,93,395,49
17:23:13.679,100,395,49
17:23:13.779,100,395,48
17:23:13.879,98,395,49
17:23:13.980,100,395,49
17:23:14.080,100,395,49
17:23:14.180,100,395,49
17:23:14.281,100,395,49
17:23:14.381,100,395,48
17:23:14.481,100,395,48
17:23:14.582,100,393,48
17:23:14.682,94,393,49
17:23:14.782,94,393,49
17:23:14.883,100,393,49
17:23:14.983,92,393,49
17:23:15.083,92,393,49
17:23:15.184,100,393,49
17:23:15.284,100,393,48
17:23:15.384,94,393,49
17:23:15.485,100,393,49
17:23:15.585,100,393,49
17:23:15.685,100,393,49
17:23:15.786,100,393,49
17:23:15.886,95,393,49
17:23:15.986,100,393,49
17:23:16.087,100,393,49
17:23:16.187,93,393,49
17:23:16.287,100,393,49
17:23:16.388,100,393,49
17:23:16.488,98,393,48
17:23:16.588,98,393,48
17:23:16.689,92,393,48
17:23:16.789,94,393,48
17:23:16.889,94,393,48
17:23:16.990,100,393,48
17:23:17.090,100,393,48
17:23:17.190,99,393,48
17:23:17.291,93,393,49
17:23:17.391,93,393,49
17:23:17.491,100,393,49
17:23:17.592,100,393,49
17:23:17.692,95,393,49
17:23:17.792,100,393,49
17:23:17.893,100,393,49
17:23:17.993,91,393,49
17:23:18.093,91,393,49
17:23:18.194,100,393,49
17:23:18.294,93,393,49
17:23:18.394,93,393,49
17:23:18.495,100,393,49
17:23:18.595,100,393,48
17:23:18.695,95,393,49
17:23:18.796,100,393,49
17:23:18.896,100,393,49
17:23:18.996,100,393,49
17:23:19.097,100,393,48
17:23:19.197,92,393,48
17:23:19.297,100,393,48
17:23:19.398,100,393,48
17:23:19.498,100,393,48
17:23:19.598,100,393,48
17:23:19.699,99,393,48
17:23:19.799,100,393,48
17:23:19.899,100,389,48
17:23:19.000,96,389,48
17:23:20.100,96,389,48
17:23:20.200,100,389,48
17:23:20.301,94,389,49
17:23:20.401,94,389,49
17:23:20.502,100,389,49
17:23:20.602,100,389,48
17:23:20.702,94,389,49
17:23:20.803,100,389,49
17:23:20.903,100,389,49
17:23:21.003,94,389,48
17:23:21.104,94,389,49
17:23:21.204,98,389,49
17:23:21.304,100,389,49
17:23:21.405,100,389,49
17:23:21.505,95,389,49
17:23:21.605,95,389,49
17:23:21.705,100,389,49
17:23:21.806,100,389,49
17:23:21.906,100,389,48
17:23:22.006,96,389,48
17:23:22.107,96,389,48
17:23:22.207,100,389,48
17:23:22.307,99,389,48
17:23:22.408,99,389,48
17:23:22.508,100,389,48
17:23:22.608,100,389,48
17:23:22.709,100,389,48
17:23:22.809,94,389,48
17:23:22.909,94,389,49
17:23:23.010,100,389,48
17:23:23.110,100,389,49
17:23:23.210,100,389,49
17:23:23.311,97,389,49
17:23:23.411,97,389,49
17:23:23.511,100,389,49
17:23:23.612,100,389,49
17:23:23.712,98,389,49
17:23:23.812,100,389,49
17:23:23.912,100,389,49
17:23:24.013,100,389,48
17:23:24.113,100,389,48
17:23:24.213,95,389,48
17:23:24.314,100,389,49
17:23:24.414,100,389,49
17:23:24.514,100,389,49
17:23:24.615,100,389,48
17:23:24.715,97,389,49
17:23:24.815,100,389,49
17:23:24.916,100,389,49
17:23:25.016,100,389,49
17:23:25.116,100,389,48
17:23:25.217,100,389,48
17:23:25.317,89,389,48
17:23:25.417,89,389,48
17:23:25.518,100,389,48
17:23:25.618,100,389,48
17:23:25.718,97,389,48
17:23:25.819,100,389,48
17:23:25.919,100,389,49
17:23:26.019,100,389,49
17:23:26.120,100,389,49
17:23:26.220,94,389,49
17:23:26.320,100,389,49
17:23:26.421,100,389,49
17:23:26.521,100,389,49
17:23:26.621,100,389,49
17:23:26.722,97,389,49
17:23:26.822,100,389,49
17:23:26.922,100,389,49
17:23:27.023,91,389,49
17:23:27.123,91,389,49
17:23:27.223,100,389,49
17:23:27.323,90,389,50
17:23:27.424,90,389,50
17:23:27.524,100,389,50
17:23:27.624,100,389,49
17:23:27.725,93,389,49
17:23:27.825,100,389,49
17:23:27.925,100,389,49
17:23:28.026,100,389,49
17:23:28.126,100,389,48
17:23:28.226,90,389,48
17:23:28.327,100,389,48
17:23:28.427,100,389,48
17:23:28.527,100,389,48
17:23:28.628,100,389,48
17:23:28.728,89,389,48
17:23:28.828,100,389,48
17:23:28.929,100,389,49
17:23:29.029,99,389,49
17:23:29.129,99,389,49
17:23:29.230,99,389,49
17:23:29.330,100,389,49
17:23:29.430,100,389,49
17:23:29.531,97,385,50
17:23:29.631,97,385,50
17:23:29.731,100,385,49
17:23:29.832,100,385,49
17:23:29.932,100,385,49
17:23:30.032,90,385,49
17:23:30.133,90,385,49
17:23:30.233,100,385,49
17:23:30.333,100,385,49
17:23:30.433,100,385,49
17:23:30.534,95,385,49
17:23:30.634,95,385,49
17:23:30.735,100,385,49
17:23:30.835,89,385,49
17:23:30.935,89,385,49
17:23:31.035,100,385,49
17:23:31.136,100,385,49
17:23:31.236,100,385,49
17:23:31.336,100,385,49
17:23:31.437,100,385,48
17:23:31.537,93,385,48
17:23:31.637,93,385,48
17:23:31.738,100,385,49
17:23:31.838,100,385,48
17:23:31.938,100,385,49
17:23:32.039,96,385,49
17:23:32.139,96,385,49
17:23:32.239,93,385,49
17:23:32.340,100,385,49
17:23:32.440,100,385,49
17:23:32.540,100,385,49
17:23:32.641,100,385,48
17:23:32.741,96,385,49
17:23:32.841,100,385,49
17:23:32.942,100,385,49
17:23:33.042,100,385,49
17:23:33.142,100,385,49
17:23:33.243,98,385,49
17:23:33.343,100,385,49
17:23:33.443,100,385,49
17:23:33.544,98,385,50
17:23:33.644,98,385,50
17:23:33.744,100,385,50
17:23:33.845,100,385,50
17:23:33.945,100,385,50
17:23:34.045,97,385,50
17:23:34.146,97,385,50
17:23:34.246,98,385,49
17:23:34.346,100,385,49
17:23:34.447,100,385,49
17:23:34.547,91,385,49
17:23:34.647,91,385,49
17:23:34.748,96,385,49
17:23:34.848,100,385,49
17:23:34.948,100,385,48
17:23:35.049,100,385,49
17:23:35.149,100,385,49
17:23:35.249,97,385,49
17:23:35.350,100,385,49
17:23:35.450,100,385,50
17:23:35.550,100,385,50
17:23:35.651,100,385,50
17:23:35.751,100,385,50
17:23:35.851,100,385,50
17:23:35.952,100,385,49
17:23:36.052,100,385,50
17:23:36.152,100,385,50
17:23:36.253,100,385,50
17:23:36.353,100,385,50
17:23:36.453,100,385,50
17:23:36.554,100,385,50
17:23:36.654,100,385,50
17:23:36.754,100,385,50
17:23:36.855,100,385,50
17:23:36.955,100,385,50
17:23:37.055,100,385,50
17:23:37.155,100,385,50
17:23:37.256,100,385,50
17:23:37.356,100,385,50
17:23:37.456,100,385,50
17:23:37.557,100,385,49
17:23:37.657,100,385,49
17:23:37.757,100,385,49
17:23:37.858,100,385,49
17:23:37.958,100,385,49
17:23:38.058,100,385,49
17:23:38.159,100,385,49
17:23:38.259,100,385,49
17:23:38.359,100,385,49
17:23:38.459,100,385,49
17:23:38.560,100,385,49
17:23:38.660,100,385,50
17:23:38.760,97,385,50
17:23:38.861,100,385,49
17:23:38.961,100,385,49
17:23:39.061,99,385,50
17:23:39.162,99,385,50
17:23:39.262,100,385,50
17:23:39.362,97,385,49
17:23:39.463,97,385,49
17:23:39.563,100,385,49
17:23:39.663,100,385,49
17:23:39.764,100,385,49
17:23:39.864,91,385,49
17:23:39.964,91,385,49
17:23:40.065,89,385,49
17:23:40.165,89,385,49
17:23:40.265,100,385,49
17:23:40.366,90,385,50
17:23:40.466,90,385,49
17:23:40.567,90,385,50
17:23:40.667,90,385,50
17:23:40.767,100,385,50
17:23:40.867,89,385,49
17:23:40.968,89,385,50
17:23:41.068,100,385,49
17:23:41.169,100,385,49
17:23:41.269,91,385,50
17:23:41.369,100,385,50
17:23:41.470,100,385,50
17:23:41.570,100,385,49
17:23:41.670,100,385,49
17:23:41.771,98,385,49
17:23:41.871,100,385,49
17:23:41.971,100,385,49
17:23:42.072,100,385,49
17:23:42.172,100,385,49
17:23:42.272,100,385,49
17:23:42.373,100,385,50
17:23:42.473,100,385,50
17:23:42.573,100,385,50
17:23:42.673,100,385,50
17:23:42.774,100,385,50
17:23:42.874,100,385,50
17:23:42.974,100,385,50
17:23:43.075,100,385,51
17:23:43.175,100,385,50
17:23:43.275,100,385,50
17:23:43.376,100,385,50
17:23:43.476,100,385,50
17:23:43.576,100,385,50
17:23:43.676,100,385,50
17:23:43.777,100,385,50
17:23:43.877,100,385,50
17:23:43.977,100,385,50
17:23:44.078,100,385,51
17:23:44.178,100,385,51
17:23:44.278,100,385,51
17:23:44.379,100,385,51
17:23:44.479,100,385,50
17:23:44.579,100,385,50
17:23:44.679,100,385,50
17:23:44.780,100,385,50
17:23:44.880,100,385,50
17:23:44.980,100,385,50
17:23:45.081,100,385,50
17:23:45.181,100,385,50
17:23:45.281,100,385,50
17:23:45.382,100,385,50
17:23:45.482,100,385,50
17:23:45.582,100,385,49
17:23:45.683,100,385,49
17:23:45.783,100,385,49
17:23:45.883,100,385,49
17:23:45.983,100,385,49
17:23:46.084,100,385,49
17:23:46.184,100,385,49
17:23:46.285,94,385,50
17:23:46.385,100,385,49
17:23:46.485,100,385,49
17:23:46.586,98,385,49
17:23:46.686,98,385,50
17:23:46.786,100,385,49
17:23:46.886,97,385,50
17:23:46.987,97,385,50
17:23:47.087,100,385,50
17:23:47.187,100,385,50
17:23:47.288,92,385,50
17:23:47.388,100,385,50
17:23:47.488,100,385,50
17:23:47.589,93,385,49
17:23:47.689,93,385,49
17:23:47.789,100,385,49
17:23:47.890,100,385,49
17:23:47.990,100,385,50
17:23:48.090,99,385,50
17:23:48.191,99,385,50
17:23:48.291,100,385,49
17:23:48.391,100,385,49
17:23:48.492,100,385,49
17:23:48.592,100,385,50
17:23:48.692,100,385,50
17:23:48.793,100,385,51
17:23:48.893,100,385,50
17:23:48.993,100,385,50
17:23:49.094,85,385,50
17:23:49.194,85,385,50
17:23:49.294,100,385,50
17:23:49.395,98,385,50
17:23:49.495,98,385,50
17:23:49.595,93,385,50
17:23:49.696,93,385,50
17:23:49.796,100,385,49
17:23:49.896,98,385,50
17:23:49.997,98,385,50
17:23:50.097,100,385,50
17:23:50.197,100,385,50
17:23:50.297,100,385,51
17:23:50.398,100,385,51
17:23:50.498,100,385,50
17:23:50.598,100,385,50
17:23:50.699,100,385,51
17:23:50.799,100,385,50
17:23:50.899,100,385,50
17:23:50.000,100,385,50
17:23:51.100,100,385,50
17:23:51.200,100,385,50
17:23:51.301,100,385,50
17:23:51.401,100,385,50
17:23:51.501,100,385,50
17:23:51.601,100,385,51
17:23:51.702,100,385,51
17:23:51.802,100,385,51
17:23:51.902,100,385,51
17:23:52.003,100,385,51
17:23:52.103,100,385,51
17:23:52.203,100,385,51
17:23:52.304,100,385,51
17:23:52.404,100,385,50
17:23:52.504,100,385,50
17:23:52.605,100,385,50
17:23:52.705,100,385,50
17:23:52.805,100,385,49
17:23:52.905,100,385,49
17:23:53.006,100,385,50
17:23:53.106,100,385,49
17:23:53.206,100,385,49
17:23:53.307,100,385,49
17:23:53.407,96,385,50
17:23:53.507,96,385,50
17:23:53.608,100,385,49
17:23:53.708,89,385,49
17:23:53.808,89,385,49
17:23:53.909,92,385,50
17:23:54.009,92,385,50
17:23:54.109,100,385,50
17:23:54.210,95,385,50
17:23:54.310,95,385,50
17:23:54.410,100,385,50
17:23:54.511,100,385,50
17:23:54.611,98,385,50
17:23:54.711,100,385,50
17:23:54.812,100,385,51
17:23:54.912,91,385,51
17:23:55.012,91,385,51
17:23:55.113,100,385,50
17:23:55.213,98,385,50
17:23:55.313,98,385,50
17:23:55.414,100,385,50
17:23:55.514,100,385,50
17:23:55.615,93,385,49
17:23:55.715,100,385,49
17:23:55.815,100,385,49
17:23:55.916,92,385,49
17:23:56.016,92,385,49
17:23:56.116,98,385,50
17:23:56.216,100,385,50
17:23:56.317,100,385,51
17:23:56.417,100,385,51
17:23:56.517,100,385,51
17:23:56.618,100,385,51
17:23:56.718,100,385,51
17:23:56.818,100,385,51
17:23:56.919,100,385,51
17:23:57.019,100,385,51
17:23:57.119,100,385,51
17:23:57.220,100,385,51
17:23:57.320,100,385,51
17:23:57.420,100,385,51
17:23:57.520,100,385,51
17:23:57.621,100,385,51
17:23:57.721,100,385,51
17:23:57.821,100,385,51
17:23:57.922,100,385,50
17:23:58.022,100,385,50
17:23:58.122,100,385,50
17:23:58.223,100,385,50
17:23:58.323,100,385,50
17:23:58.423,100,385,50
17:23:58.523,100,385,50
17:23:58.624,100,379,50
17:23:58.724,90,379,50
17:23:58.824,90,379,50
17:23:58.925,94,379,50
17:23:59.025,94,379,50
17:23:59.125,100,379,50
17:23:59.226,94,379,50
17:23:59.326,94,379,49
17:23:59.426,100,379,49
17:23:59.527,100,379,50
17:23:59.627,97,379,50
17:23:59.727,91,379,50
17:23:59.828,91,379,51
17:23:59.928,100,379,50
17:24:00.028,100,379,50
17:24:00.129,97,379,51
17:24:00.229,100,379,51
17:24:00.329,100,379,51
17:24:00.430,97,379,51
17:24:00.531,97,379,50
17:24:00.632,91,379,51
17:24:00.732,100,379,50
17:24:00.832,100,379,50
17:24:00.933,90,379,50
17:24:01.033,90,379,51
17:24:01.133,100,379,50
17:24:01.234,91,379,50
17:24:01.334,91,379,50
17:24:01.434,100,379,50
17:24:01.535,100,379,50
17:24:01.635,100,379,50
17:24:01.735,95,379,50
17:24:01.836,95,379,50
17:24:01.936,100,379,50
17:24:02.036,100,379,50
17:24:02.137,94,379,51
17:24:02.237,100,379,51
17:24:02.338,100,379,50
17:24:02.438,92,379,51
17:24:02.538,92,379,50
17:24:02.638,97,379,51
17:24:02.739,100,379,51
17:24:02.839,100,379,50
17:24:02.939,91,379,50
17:24:03.040,91,379,51
17:24:03.140,100,379,50
17:24:03.240,89,379,50
17:24:03.341,89,379,50
17:24:03.441,100,379,50
17:24:03.541,100,379,50
17:24:03.642,100,379,50
17:24:03.742,96,379,50
17:24:03.842,96,379,50
17:24:03.943,96,379,50
17:24:04.043,96,379,51
17:24:04.143,97,379,51
17:24:04.244,89,379,50
17:24:04.344,89,379,51
17:24:04.444,100,379,51
17:24:04.545,100,379,50
17:24:04.645,92,379,51
17:24:04.745,100,379,50
17:24:04.846,100,379,50
17:24:04.946,93,379,50
17:24:05.046,93,379,50
17:24:05.147,100,379,50
17:24:05.247,100,379,51
17:24:05.347,100,379,51
17:24:05.448,100,379,51
17:24:05.548,100,379,50
17:24:05.648,100,379,50
17:24:05.749,100,379,50
17:24:05.849,100,379,50
17:24:05.949,95,379,50
17:24:06.050,95,379,50
17:24:06.150,97,379,50
17:24:06.250,100,379,50
17:24:06.351,100,379,51
17:24:06.451,96,379,51
17:24:06.551,96,379,51
17:24:06.652,100,379,50
17:24:06.752,98,379,50
17:24:06.852,98,379,51
17:24:06.953,100,379,50
17:24:07.053,100,379,50
17:24:07.153,83,379,50
17:24:07.254,98,379,50
17:24:07.354,98,379,50
17:24:07.454,100,379,50
17:24:07.555,100,379,50
17:24:07.655,100,379,51
17:24:07.755,100,379,51
17:24:07.856,100,379,51
17:24:07.956,100,379,51
17:24:08.056,100,379,50
17:24:08.157,97,379,50
17:24:08.257,100,379,51
17:24:08.357,100,379,51
17:24:08.458,100,379,51
17:24:08.558,100,379,50
17:24:08.658,96,379,50
17:24:08.758,100,379,50
17:24:08.859,100,379,50
17:24:08.959,95,379,50
17:24:09.060,95,379,50
17:24:09.160,94,379,50
17:24:09.260,100,379,50
17:24:09.361,100,379,50
17:24:09.461,98,379,51
17:24:09.561,98,379,50
17:24:09.662,89,379,51
17:24:09.762,100,379,51
17:24:09.862,100,379,51
17:24:09.963,91,379,51
17:24:10.063,91,379,51
17:24:10.163,91,379,50
17:24:10.264,89,379,50
17:24:10.364,89,379,50
17:24:10.465,56,379,49
17:24:10.565,56,379,49
17:24:10.665,91,379,49
17:24:10.766,75,379,49
17:24:10.866,75,379,49
17:24:10.966,93,379,49
17:24:11.067,93,379,49
17:24:11.167,74,379,49
17:24:11.267,95,379,49
17:24:11.368,95,379,49
17:24:11.468,73,379,49
17:24:11.568,73,379,50
17:24:11.669,97,379,50
17:24:11.769,67,379,49
17:24:11.869,67,379,50
17:24:11.970,100,379,50
17:24:12.070,100,379,50
17:24:12.171,48,379,50
17:24:12.271,100,379,50
17:24:12.371,100,379,49
17:24:12.472,45,379,50
17:24:12.572,45,379,50
17:24:12.673,100,379,49
17:24:12.773,47,379,50
17:24:12.873,47,379,50
17:24:12.974,100,379,50
17:24:13.074,100,379,49
17:24:13.175,34,379,49
17:24:13.275,100,379,49
17:24:13.375,100,379,49
17:24:13.476,36,379,49
17:24:13.576,36,379,49
17:24:13.677,100,379,49
17:24:13.777,34,379,49
17:24:13.877,34,379,50
17:24:13.978,100,379,50
17:24:14.078,100,379,49
17:24:14.179,35,379,49
17:24:14.279,100,379,50
17:24:14.379,100,379,49
17:24:14.480,41,379,50
17:24:14.580,41,379,50
17:24:14.681,100,379,50
17:24:14.781,44,379,49
17:24:14.881,44,379,50
17:24:14.982,100,379,50
17:24:15.082,100,379,49
17:24:15.183,44,379,49
17:24:15.283,100,379,49
17:24:15.383,100,379,49
17:24:15.484,65,379,49
17:24:15.584,65,379,49
17:24:15.685,100,379,49
17:24:15.785,52,379,49
17:24:15.885,52,379,50
17:24:15.986,100,379,50
17:24:16.086,100,379,50
17:24:16.186,54,379,50
17:24:16.287,100,379,51
17:24:16.387,100,379,49
17:24:16.487,65,379,50
17:24:16.588,65,379,51
17:24:16.688,100,379,50
17:24:16.788,59,379,50
17:24:16.889,59,379,51
17:24:16.990,100,379,50
17:24:17.090,100,379,50
17:24:17.190,68,379,50
17:24:17.291,100,379,50
17:24:17.391,100,379,49
17:24:17.491,42,379,50
17:24:17.592,42,379,50
17:24:17.692,100,379,49
17:24:17.793,39,379,49
17:24:17.893,39,379,49
17:24:17.994,63,379,49
17:24:18.094,63,379,49
17:24:18.194,41,379,49
17:24:18.295,71,379,49
17:24:18.395,71,379,49
17:24:18.496,43,379,50
17:24:18.596,64,379,49
17:24:18.697,64,379,49
17:24:18.797,45,379,50
17:24:18.897,45,379,49
17:24:18.998,62,379,49
17:24:19.098,48,379,50
17:24:19.199,48,379,50
17:24:19.299,60,379,49
17:24:19.400,60,379,49
17:24:19.500,50,379,49
17:24:19.601,77,379,49
17:24:19.701,77,379,49
17:24:19.801,52,379,49
17:24:19.902,52,379,49
17:24:20.002,92,379,49
17:24:20.103,54,379,49
17:24:20.203,54,379,49
17:24:20.303,87,379,49
17:24:20.404,87,379,49
17:24:20.504,56,379,50
17:24:20.604,85,379,49
17:24:20.705,85,379,49
17:24:20.805,59,379,50
17:24:20.906,59,379,50
17:24:21.006,83,379,49
17:24:21.107,61,379,50
17:24:21.207,61,379,50
17:24:21.307,98,379,50
17:24:21.408,98,379,50
17:24:21.508,63,379,50
17:24:21.609,85,379,49
17:24:21.709,85,381,49
17:24:21.810,1,381,49
17:24:21.910,1,381,49
17:24:22.011,0,383,49
17:24:22.111,50,409,50
17:24:22.211,50,409,50
17:24:22.312,100,409,49
17:24:22.412,100,409,49
17:24:22.513,63,409,49
17:24:22.613,95,409,49
17:24:22.713,95,409,49
17:24:22.814,58,409,49
17:24:22.914,58,409,49
17:24:23.015,98,409,49
17:24:23.115,60,409,49
17:24:23.215,60,409,49
17:24:23.316,100,409,49
17:24:23.416,100,409,50
17:24:23.516,85,409,50
17:24:23.617,100,409,51
17:24:23.717,100,409,50
17:24:23.818,92,409,50
17:24:23.918,92,409,50
17:24:24.018,100,409,50
17:24:24.119,90,409,50
17:24:24.219,90,409,51
17:24:24.319,100,409,51
17:24:24.420,100,409,50
17:24:24.520,95,409,50
17:24:24.620,100,409,50
17:24:24.721,100,409,50
17:24:24.821,95,409,50
17:24:24.921,95,409,50
17:24:25.022,100,409,50
17:24:25.122,98,409,50
17:24:25.222,98,409,50
17:24:25.323,84,409,49
17:24:25.423,84,409,50
17:24:25.524,76,409,50
17:24:25.624,80,409,50
17:24:25.724,80,409,50
17:24:25.825,78,409,50
17:24:25.925,78,409,50
17:24:26.025,100,409,50
17:24:26.126,96,409,51
17:24:26.226,96,409,51
17:24:26.326,100,409,51
17:24:26.427,100,409,51
17:24:26.527,98,409,51
17:24:26.627,100,409,51
17:24:26.728,100,409,51
17:24:26.828,94,409,50
17:24:26.928,94,409,50
17:24:27.029,100,409,50
17:24:27.129,99,409,50
17:24:27.229,99,409,50
17:24:27.330,99,409,50
17:24:27.430,99,409,50
17:24:27.530,100,407,50
17:24:27.631,90,407,50
17:24:27.731,90,407,50
17:24:27.831,100,407,50
17:24:27.932,100,407,50
17:24:28.032,92,407,50
17:24:28.133,94,407,50
17:24:28.233,94,407,51
17:24:28.333,100,407,51
17:24:28.434,100,407,51
17:24:28.534,96,407,51
17:24:28.634,100,407,51
17:24:28.735,100,407,50
17:24:28.835,92,407,51
17:24:28.935,92,407,51
17:24:29.036,100,407,50
17:24:29.136,96,407,51
17:24:29.236,96,407,51
17:24:29.337,100,407,51
17:24:29.437,100,407,51
17:24:29.537,98,407,50
17:24:29.638,100,407,50
17:24:29.738,100,407,50
17:24:29.838,96,407,50
17:24:29.939,96,407,51
17:24:30.039,100,407,51
17:24:30.139,92,407,51
17:24:30.240,92,407,51
17:24:30.340,100,407,51
17:24:30.440,100,407,50
17:24:30.541,94,407,51
17:24:30.641,100,407,50
17:24:30.741,100,407,51
17:24:30.842,97,407,51
17:24:30.942,97,407,51
17:24:31.043,100,407,51
17:24:31.143,90,407,51
17:24:31.243,90,407,51
17:24:31.343,100,407,51
17:24:31.444,100,407,50
17:24:31.544,97,407,50
17:24:31.645,100,407,50
17:24:31.745,100,407,50
17:24:31.845,100,407,50
17:24:31.946,100,407,50
17:24:32.046,96,407,50
17:24:32.146,100,407,50
17:24:32.246,100,407,50
17:24:32.347,95,407,50
17:24:32.447,95,407,50
17:24:32.547,100,407,50
17:24:32.648,97,407,51
17:24:32.748,97,407,51
17:24:32.848,100,407,51
17:24:32.949,100,407,51
17:24:33.049,100,407,51
17:24:33.150,94,407,52
17:24:33.250,94,407,52
17:24:33.350,89,407,51
17:24:33.451,89,407,51
17:24:33.551,100,407,51
17:24:33.651,94,407,51
17:24:33.751,94,407,51
17:24:33.852,100,407,51
17:24:33.952,100,407,50
17:24:34.053,90,407,50
17:24:34.153,100,407,51
17:24:34.253,100,407,50
17:24:34.354,90,407,50
17:24:34.454,90,407,50
17:24:34.554,100,407,50
17:24:34.655,91,407,50
17:24:34.755,91,407,50
17:24:34.855,100,407,51
17:24:34.956,100,407,51
17:24:35.056,100,407,50
17:24:35.156,90,407,51
17:24:35.257,90,407,51
17:24:35.357,100,407,51
17:24:35.457,100,407,51
17:24:35.558,90,407,51
17:24:35.658,100,407,51
17:24:35.758,100,407,51
17:24:35.859,93,407,51
17:24:35.959,93,407,51
17:24:36.059,89,407,51
17:24:36.160,100,407,51
17:24:36.260,100,407,50
17:24:36.360,96,407,50
17:24:36.461,96,407,50
17:24:36.561,100,407,50
17:24:36.661,100,407,50
17:24:36.762,100,407,50
17:24:36.862,92,407,50
17:24:36.962,92,407,50
17:24:37.063,100,407,50
17:24:37.163,87,407,51
17:24:37.263,87,407,51
17:24:37.364,100,407,51
17:24:37.464,100,407,50
17:24:37.564,89,407,51
17:24:37.665,100,407,51
17:24:37.765,100,407,51
17:24:37.865,100,407,51
17:24:37.966,100,407,51
17:24:38.066,95,407,51
17:24:38.166,100,407,51
17:24:38.267,100,407,51
17:24:38.367,89,407,51
17:24:38.468,89,407,51
17:24:38.568,100,407,51
17:24:38.668,100,407,51
17:24:38.769,100,407,51
17:24:38.869,96,407,51
17:24:38.969,96,407,51
17:24:39.070,100,407,51
17:24:39.170,98,407,51
17:24:39.270,98,407,51
17:24:39.371,100,407,50
17:24:39.471,100,407,50
17:24:39.571,91,407,50
17:24:39.672,94,407,50
17:24:39.772,94,407,51
17:24:39.872,100,407,51
17:24:39.973,100,407,50
17:24:40.073,93,407,51
17:24:40.173,96,407,51
17:24:40.274,96,407,51
17:24:40.374,100,407,51
17:24:40.475,100,407,51
17:24:40.575,94,407,51
17:24:40.675,100,407,51
17:24:40.775,100,407,51
17:24:40.876,96,407,51
17:24:40.976,96,407,51
17:24:41.076,100,407,52
17:24:41.177,100,407,51
17:24:41.277,100,407,51
17:24:41.377,90,407,51
17:24:41.478,90,407,51
17:24:41.578,100,407,50
17:24:41.678,94,407,50
17:24:41.779,94,407,50
17:24:41.879,100,407,50
17:24:41.979,100,407,50
17:24:42.080,97,407,50
17:24:42.180,100,407,50
17:24:42.280,100,407,50
17:24:42.381,96,407,51
17:24:42.481,96,407,51
17:24:42.581,100,407,50
17:24:42.682,94,407,51
17:24:42.782,94,407,51
17:24:42.882,100,407,50
17:24:42.983,100,407,51
17:24:43.083,92,407,51
17:24:43.183,100,407,51
17:24:43.284,100,407,51
17:24:43.384,94,407,51
17:24:43.485,94,407,51
17:24:43.585,100,407,51
17:24:43.685,97,407,51
17:24:43.785,97,407,51
17:24:43.886,100,407,51
17:24:43.986,100,407,50
17:24:44.086,100,407,50
17:24:44.187,91,407,50
17:24:44.287,91,407,50
17:24:44.387,100,407,50
17:24:44.488,100,407,50
17:24:44.588,100,407,50
17:24:44.688,97,407,50
17:24:44.789,97,407,50
17:24:44.889,100,407,50
17:24:44.989,95,407,51
17:24:45.090,95,407,51
17:24:45.190,100,407,51
17:24:45.290,100,407,51
17:24:45.391,93,407,51
17:24:45.491,100,407,51
17:24:45.591,100,407,50
17:24:45.692,90,407,51
17:24:45.792,90,407,51
17:24:45.892,100,407,51
17:24:45.993,93,407,51
17:24:46.093,93,407,51
17:24:46.193,100,407,51
17:24:46.294,100,407,51
17:24:46.394,100,407,51
17:24:46.494,94,407,51
17:24:46.595,94,407,51
17:24:46.695,100,407,51
17:24:46.795,100,407,51
17:24:46.895,100,407,51
17:24:46.996,92,407,50
17:24:47.096,92,407,50
17:24:47.196,100,407,50
17:24:47.297,100,407,50
17:24:47.397,93,407,50
17:24:47.497,100,407,50
17:24:47.598,100,407,50
17:24:47.698,100,407,50
17:24:47.798,100,407,51
17:24:47.899,90,407,51
17:24:47.999,100,407,51
17:24:48.099,100,407,51
17:24:48.199,100,407,51
17:24:48.300,100,407,51
17:24:48.400,91,407,51
17:24:48.500,100,407,51
17:24:48.601,100,407,51
17:24:48.701,96,407,51
17:24:48.801,96,407,51
17:24:48.902,100,407,51
17:24:49.002,100,407,50
17:24:49.102,100,407,50
17:24:49.203,89,407,50
17:24:49.303,89,407,51
17:24:49.403,100,407,51
17:24:49.504,100,407,51
17:24:49.604,100,407,50
17:24:49.704,91,407,51
17:24:49.805,91,407,51
17:24:49.905,100,407,51
17:24:50.005,100,407,50
17:24:50.106,100,407,50
17:24:50.206,100,407,50
17:24:50.306,100,407,50
17:24:50.407,96,407,50
17:24:50.507,100,407,50
17:24:50.607,100,407,50
17:24:50.708,89,407,50
17:24:50.808,89,407,51
17:24:50.908,91,407,51
17:24:51.009,100,407,51
17:24:51.109,100,407,51
17:24:51.209,90,407,51
17:24:51.310,90,407,51
17:24:51.410,100,407,51
17:24:51.510,100,407,51
17:24:51.611,100,407,51
17:24:51.711,94,407,51
17:24:51.811,94,407,51
17:24:51.912,100,407,51
17:24:52.012,92,407,51
17:24:52.112,92,407,51
17:24:52.213,100,407,51
17:24:52.313,100,407,51
17:24:52.413,94,407,51
17:24:52.514,100,407,52
17:24:52.614,100,407,51
17:24:52.714,92,407,51
17:24:52.815,92,407,51
17:24:52.915,100,407,51
17:24:53.015,100,407,51
17:24:53.116,100,407,51
17:24:53.216,94,407,51
17:24:53.316,94,407,50
17:24:53.417,100,407,50
17:24:53.517,100,407,50
17:24:53.617,100,407,50
17:24:53.718,89,407,50
17:24:53.818,89,407,51
17:24:53.918,100,407,50
17:24:54.019,100,407,50
17:24:54.119,100,407,51
17:24:54.219,92,407,51
17:24:54.320,92,407,51
17:24:54.420,100,407,51
17:24:54.520,100,407,51
17:24:54.621,100,407,51
17:24:54.721,95,407,51
17:24:54.821,95,407,51
17:24:54.922,100,407,51
17:24:55.022,100,407,51
17:24:55.122,100,407,51
17:24:55.223,96,407,51
17:24:55.323,96,407,51
17:24:55.423,100,407,51
17:24:55.524,100,407,50
17:24:55.624,100,407,51
17:24:55.724,96,407,51
17:24:55.825,96,407,51
17:24:55.925,100,407,50
17:24:56.025,90,407,51
17:24:56.126,90,407,51
17:24:56.226,100,407,51
17:24:56.326,100,407,51
17:24:56.426,100,407,51
17:24:56.527,92,407,50
17:24:56.627,92,407,50
17:24:56.728,100,407,50
17:24:56.828,100,407,50
17:24:56.928,100,407,50
17:24:57.028,100,407,50
17:24:57.129,100,406,50
17:24:57.229,97,406,51
17:24:57.329,97,406,51
17:24:57.430,100,406,51
17:24:57.530,100,406,51
17:24:57.630,100,406,51
17:24:57.731,100,402,50
17:24:57.831,100,402,51
17:24:57.931,92,402,51
17:24:58.032,100,402,51
17:24:58.132,100,402,50
17:24:58.232,92,402,51
17:24:58.333,92,402,51
17:24:58.433,100,402,51
17:24:58.533,100,402,51
17:24:58.634,100,402,51
17:24:58.734,90,402,51
17:24:58.834,90,402,51
17:24:58.935,100,402,51
17:24:59.035,95,402,52
17:24:59.135,95,402,52
17:24:59.236,100,402,51
17:24:59.336,100,402,51
17:24:59.436,89,402,51
17:24:59.537,97,402,51
17:24:59.637,97,402,50
17:24:59.737,100,402,50
17:24:59.838,100,402,51
17:24:59.938,92,402,51
17:25:00.038,100,402,51
17:25:00.139,100,402,51
17:25:00.239,96,402,51
17:25:00.339,96,402,51
17:25:00.440,100,402,50
17:25:00.540,90,402,51
17:25:00.640,90,402,51
17:25:00.741,100,402,51
17:25:00.841,100,402,51
17:25:00.941,100,402,51
17:25:01.042,91,402,51
17:25:01.142,91,402,51
17:25:01.242,100,402,51
17:25:01.343,100,402,51
17:25:01.443,100,402,51
17:25:01.543,95,402,51
17:25:01.644,95,402,51
17:25:01.744,100,402,51
17:25:01.844,100,402,51
17:25:01.945,100,402,51
17:25:02.045,97,402,51
17:25:02.145,97,402,51
17:25:02.246,100,402,51
17:25:02.346,100,402,50
17:25:02.446,96,402,50
17:25:02.547,100,402,50
17:25:02.647,100,402,50
17:25:02.747,100,402,50
17:25:02.848,100,402,50
17:25:02.948,96,402,51
17:25:03.048,100,402,51
17:25:03.149,100,402,51
17:25:03.249,100,402,51
17:25:03.349,100,402,51
17:25:03.450,94,402,51
17:25:03.550,98,402,51
17:25:03.650,98,402,52
17:25:03.751,100,402,51
17:25:03.851,100,402,51
17:25:03.951,100,402,51
17:25:04.052,97,402,51
17:25:04.152,97,402,51
17:25:04.252,100,402,51
17:25:04.353,100,402,51
17:25:04.453,100,402,50
17:25:04.553,89,402,51
17:25:04.654,89,402,51
17:25:04.754,100,402,51
17:25:04.854,100,402,51
17:25:04.955,95,402,51
17:25:05.055,100,402,51
17:25:05.155,100,402,51
17:25:05.256,100,402,51
17:25:05.356,100,402,50
17:25:05.456,91,402,51
17:25:05.557,100,402,51
17:25:05.657,100,402,51
17:25:05.757,89,402,50
17:25:05.858,89,402,50
17:25:05.958,100,402,50
17:25:06.058,98,402,51
17:25:06.159,98,402,51
17:25:06.259,91,402,51
17:25:06.359,91,402,51
17:25:06.460,100,402,51
17:25:06.560,93,402,52
17:25:06.660,93,402,51
17:25:06.761,100,402,51
17:25:06.861,100,402,51
17:25:06.962,89,402,51
17:25:07.062,98,402,51
17:25:07.162,98,402,51
17:25:07.263,100,402,51
17:25:07.363,100,402,51
17:25:07.463,100,402,51
17:25:07.563,100,402,51
17:25:07.664,100,402,51
17:25:07.764,100,402,51
17:25:07.864,100,402,51
17:25:07.965,100,402,51
17:25:08.065,100,402,51
17:25:08.165,100,402,51
17:25:08.266,100,402,52
17:25:08.366,100,402,52
17:25:08.466,100,402,51
17:25:08.567,100,402,51
17:25:08.667,100,402,52
17:25:08.767,100,402,52
17:25:08.868,100,402,52
17:25:08.968,100,402,52
17:25:09.068,100,402,52
17:25:09.168,100,402,51
17:25:09.269,100,402,52
17:25:09.369,100,402,52
17:25:09.469,100,402,52
17:25:09.570,100,402,52
17:25:09.670,100,402,51
17:25:09.770,100,402,51
17:25:09.870,100,402,51
17:25:09.971,100,402,51
17:25:10.071,100,402,51
17:25:10.171,100,402,51
17:25:10.272,100,402,52
17:25:10.372,100,402,52
17:25:10.472,100,402,51
17:25:10.573,100,402,51
17:25:10.673,100,402,52
17:25:10.773,100,402,51
17:25:10.874,100,402,51
17:25:10.974,100,402,51
17:25:11.074,100,402,51
17:25:11.175,100,402,51
17:25:11.275,100,402,51
17:25:11.375,100,402,52
17:25:11.476,100,402,52
17:25:11.576,100,402,52
17:25:11.676,100,402,52
17:25:11.777,100,402,51
17:25:11.877,100,402,51
17:25:11.977,100,402,51
17:25:12.078,100,402,51
17:25:12.178,100,402,51
17:25:12.278,100,402,51
17:25:12.379,100,402,51
17:25:12.479,100,402,51
17:25:12.579,100,402,51
17:25:12.680,100,402,51
17:25:12.780,100,402,51
17:25:12.880,100,402,51
17:25:12.981,100,402,51
17:25:13.081,95,402,51
17:25:13.182,95,402,52
17:25:13.282,100,402,52
17:25:13.382,100,402,51
17:25:13.483,94,402,51
17:25:13.583,100,402,51
17:25:13.684,100,402,51
17:25:13.784,95,402,51
17:25:13.884,95,402,51
17:25:13.985,100,402,51
17:25:14.085,100,402,50
17:25:14.185,100,402,51
17:25:14.286,94,402,51
17:25:14.386,94,402,51
17:25:14.486,100,402,51
17:25:14.587,89,402,51
17:25:14.687,89,402,51
17:25:14.787,100,402,51
17:25:14.888,100,402,51
17:25:14.988,93,402,52
17:25:15.088,100,402,52
17:25:15.189,100,402,51
17:25:15.289,92,402,52
17:25:15.389,92,402,52
17:25:15.489,100,402,51
17:25:15.590,86,402,51
17:25:15.690,86,402,52
17:25:15.791,100,402,51
17:25:15.891,100,402,52
17:25:15.991,92,402,52
17:25:16.092,95,402,51
17:25:16.192,95,402,51
17:25:16.292,100,402,51
17:25:16.393,100,402,51
17:25:16.493,95,402,51
17:25:16.593,100,402,51
17:25:16.694,100,402,51
17:25:16.794,95,402,52
17:25:16.894,95,402,52
17:25:16.995,100,402,51
17:25:17.095,89,402,51
17:25:17.195,89,402,52
17:25:17.296,100,402,51
17:25:17.396,97,402,51
17:25:17.496,97,402,51
17:25:17.597,100,402,52
17:25:17.697,100,402,51
17:25:17.797,90,402,52
17:25:17.898,100,402,52
17:25:17.998,100,402,52
17:25:18.098,98,402,52
17:25:18.199,98,402,51
17:25:18.299,89,402,51
17:25:18.399,100,402,51
17:25:18.500,100,402,51
17:25:18.600,98,402,51
17:25:18.700,98,402,51
17:25:18.801,100,402,51
17:25:18.901,100,402,51
17:25:19.001,100,402,51
17:25:19.102,100,402,51
17:25:19.202,100,402,51
17:25:19.302,100,402,52
17:25:19.403,100,402,51
17:25:19.503,100,402,52
17:25:19.603,100,402,52
17:25:19.704,100,402,52
17:25:19.804,100,402,52
17:25:19.904,100,402,52
17:25:20.005,100,402,52
17:25:20.105,100,402,52
17:25:20.205,100,402,52
17:25:20.305,100,402,52
17:25:20.406,100,402,52
17:25:20.506,100,402,51
17:25:20.606,100,402,51
17:25:20.707,100,402,52
17:25:20.807,100,402,52
17:25:20.907,100,402,53
17:25:21.008,100,402,52
17:25:21.108,100,402,52
17:25:21.208,100,402,52
17:25:21.308,100,402,52
17:25:21.409,100,402,52
17:25:21.509,100,402,52
17:25:21.609,100,402,52
17:25:21.710,100,402,52
17:25:21.810,100,402,52
17:25:21.910,100,402,52
17:25:22.010,100,402,52
17:25:22.111,100,402,52
17:25:22.211,100,402,52
17:25:22.311,100,402,52
17:25:22.412,100,402,52
17:25:22.512,100,402,52
17:25:22.612,100,402,52
17:25:22.712,100,402,51
17:25:22.813,100,402,51
17:25:22.913,98,402,52
17:25:23.013,98,402,52
17:25:23.114,100,402,51
17:25:23.214,100,402,52
17:25:23.314,96,402,52
17:25:23.415,93,402,51
17:25:23.515,93,402,51
17:25:23.615,96,402,51
17:25:23.716,96,402,51
17:25:23.816,94,402,51
17:25:23.916,100,402,51
17:25:24.017,100,402,52
17:25:24.117,97,402,52
17:25:24.217,97,402,52
17:25:24.318,100,402,52
17:25:24.418,94,402,52
17:25:24.518,94,402,52
17:25:24.619,100,402,52
17:25:24.719,100,402,52
17:25:24.820,79,402,52
17:25:24.920,100,402,52
17:25:25.020,100,402,52
17:25:25.120,100,402,52
17:25:25.221,100,402,52
17:25:25.321,100,402,52
17:25:25.421,100,402,52
17:25:25.522,100,402,52
17:25:25.622,100,402,52
17:25:25.722,100,402,53
17:25:25.822,100,402,53
17:25:25.923,100,402,52
17:25:26.023,100,402,52
17:25:26.123,100,402,52
17:25:26.224,100,402,52
17:25:26.324,100,402,52
17:25:26.424,100,402,52
17:25:26.525,100,402,52
17:25:26.625,100,402,52
17:25:26.725,100,402,52
17:25:26.826,100,402,52
17:25:26.926,100,402,51
17:25:27.026,100,402,51
17:25:27.127,100,402,51
17:25:27.227,100,402,51
17:25:27.327,100,402,51
17:25:27.428,100,402,51
17:25:27.528,100,402,51
17:25:27.629,98,402,51
17:25:27.729,98,402,52
17:25:27.829,100,402,52
17:25:27.930,100,402,52
17:25:28.030,100,402,52
17:25:28.130,100,402,52
17:25:28.231,100,402,52
17:25:28.331,100,402,52
17:25:28.431,100,402,52
17:25:28.532,100,402,52
17:25:28.632,100,402,52
17:25:28.732,100,402,52
17:25:28.833,93,402,52
17:25:28.933,99,402,52
17:25:29.033,99,402,51
17:25:29.134,93,402,51
17:25:29.234,93,402,51
17:25:29.334,92,402,51
17:25:29.435,100,402,51
17:25:29.535,100,402,52
17:25:29.635,96,402,52
17:25:29.736,96,402,51
17:25:29.836,98,402,52
17:25:29.936,100,402,52
17:25:30.037,100,402,52
17:25:30.137,98,402,52
17:25:30.237,98,402,52
17:25:30.338,100,402,51
17:25:30.438,91,402,51
17:25:30.538,91,402,52
17:25:30.639,100,402,51
17:25:30.739,100,402,52
17:25:30.840,96,402,52
17:25:30.940,95,402,51
17:25:31.040,95,402,51
17:25:31.141,100,402,51
17:25:31.241,100,402,51
17:25:31.341,98,402,51
17:25:31.442,100,402,51
17:25:31.542,100,402,52
17:25:31.642,100,402,52
17:25:31.743,100,402,52
17:25:31.843,100,402,52
17:25:31.943,100,402,52
17:25:32.044,100,402,52
17:25:32.144,100,402,52
17:25:32.244,100,402,52
17:25:32.345,100,402,52
17:25:32.445,100,402,52
17:25:32.545,100,402,52
17:25:32.645,100,402,52
17:25:32.746,100,402,51
17:25:32.846,100,402,51
17:25:32.946,97,402,51
17:25:33.047,97,402,52
17:25:33.147,98,402,52
17:25:33.247,98,402,52
17:25:33.348,100,402,52
17:25:33.448,100,402,52
17:25:33.548,100,402,51
17:25:33.649,100,402,52
17:25:33.749,100,402,51
17:25:33.849,100,402,51
17:25:33.950,94,402,51
17:25:34.050,94,402,52
17:25:34.150,100,402,52
17:25:34.251,100,402,51
17:25:34.351,93,402,52
17:25:34.451,100,402,51
17:25:34.552,100,402,51
17:25:34.652,94,402,51
17:25:34.752,94,402,52
17:25:34.853,92,402,52
17:25:34.953,97,402,51
17:25:35.053,97,402,52
17:25:35.154,100,402,52
17:25:35.254,100,402,52
17:25:35.354,100,402,52
17:25:35.455,100,402,52
17:25:35.555,100,402,52
17:25:35.655,100,402,51
17:25:35.756,100,402,52
17:25:35.856,91,402,52
17:25:35.956,98,402,51
17:25:36.057,98,402,51
17:25:36.157,100,402,51
17:25:36.257,100,402,51
17:25:36.358,100,402,51
17:25:36.458,100,402,51
17:25:36.558,100,402,51
17:25:36.659,95,402,51
17:25:36.759,95,402,51
17:25:36.859,93,402,51
17:25:36.960,100,402,51
17:25:37.060,100,402,52
17:25:37.160,95,402,52
17:25:37.261,95,402,52
17:25:37.361,100,402,52
17:25:37.461,95,402,52
17:25:37.562,95,402,52
17:25:37.662,96,402,52
17:25:37.762,96,402,52
17:25:37.863,100,402,52
17:25:37.963,93,402,52
17:25:38.063,93,402,52
17:25:38.164,98,402,51
17:25:38.264,98,402,51
17:25:38.364,100,402,51
17:25:38.465,78,402,51
17:25:38.565,78,402,51
17:25:38.666,52,402,51
17:25:38.766,52,402,51
17:25:38.866,78,402,51
17:25:38.967,51,402,51
17:25:39.067,51,402,51
17:25:39.168,80,402,51
17:25:39.268,80,402,51
17:25:39.368,64,402,51
17:25:39.469,82,402,52
17:25:39.569,82,402,51
17:25:39.670,59,402,51
17:25:39.770,59,402,51
17:25:39.870,85,402,51
17:25:39.971,59,402,51
17:25:40.071,59,402,51
17:25:40.172,87,402,51
17:25:40.272,87,402,50
17:25:40.372,60,402,50
17:25:40.473,89,402,50
17:25:40.573,89,402,51
17:25:40.674,72,402,50
17:25:40.774,72,402,51
17:25:40.874,91,402,51
17:25:40.975,59,402,51
17:25:41.075,59,402,52
17:25:41.175,93,402,52
17:25:41.276,93,402,51
17:25:41.376,70,402,52
17:25:41.476,95,402,52
17:25:41.577,95,402,51
17:25:41.677,61,402,51
17:25:41.778,61,402,52
17:25:41.878,98,402,51
17:25:41.978,61,402,51
17:25:42.079,61,402,52
17:25:42.179,100,402,51
17:25:42.279,100,402,51
17:25:42.380,48,402,51
17:25:42.480,100,402,51
17:25:42.581,100,402,51
17:25:42.681,33,402,50
17:25:42.781,33,402,51
17:25:42.882,100,402,50
17:25:42.982,18,402,51
17:25:43.083,18,402,51
17:25:43.183,100,402,51
17:25:43.283,100,402,50
17:25:43.384,11,402,51
17:25:43.484,93,402,51
17:25:43.585,93,402,50
17:25:43.685,11,402,51
17:25:43.785,11,402,51
17:25:43.886,100,402,50
17:25:43.986,20,402,51
17:25:44.087,20,402,51
17:25:44.187,100,402,51
17:25:44.287,100,402,50
17:25:44.388,16,402,51
17:25:44.488,100,402,51
17:25:44.589,100,402,50
17:25:44.689,31,402,50
17:25:44.789,31,402,50
17:25:44.890,100,402,50
17:25:44.990,38,402,50
17:25:45.090,38,402,50
17:25:45.191,100,402,50
17:25:45.291,100,402,50
17:25:45.392,45,402,51
17:25:45.492,100,402,51
17:25:45.592,100,402,50
17:25:45.693,45,402,51
17:25:45.793,100,402,51
17:25:45.894,100,402,50
17:25:45.994,40,402,51
17:25:46.094,40,402,51
17:25:46.195,100,402,51
17:25:46.295,53,402,51
17:25:46.396,53,402,51
17:25:46.496,100,402,51
17:25:46.596,100,402,51
17:25:46.697,27,402,50
17:25:46.797,0,402,50
17:25:46.898,0,402,50
17:25:46.998,12,432,50
17:25:47.099,12,432,51
17:25:47.199,100,432,51
17:25:47.299,64,432,50
17:25:47.400,64,432,50
17:25:47.500,100,432,50
17:25:47.600,100,432,50
17:25:47.701,58,432,50
17:25:47.801,100,432,50
17:25:47.901,100,432,50
17:25:48.002,62,432,51
17:25:48.102,62,432,51
17:25:48.202,100,432,51
17:25:48.303,80,432,51
17:25:48.403,80,432,52
17:25:48.503,100,432,52
17:25:48.604,100,432,52
17:25:48.704,97,432,52
17:25:48.804,100,432,52
17:25:48.905,100,432,52
17:25:49.005,100,432,51
17:25:49.105,100,432,51
17:25:49.206,96,432,52
17:25:49.306,95,432,51
17:25:49.406,95,432,52
17:25:49.507,100,432,52
17:25:49.607,100,432,51
17:25:49.707,89,432,51
17:25:49.808,100,432,51
17:25:49.908,100,432,51
17:25:50.009,86,432,51
17:25:50.109,86,432,51
17:25:50.209,100,432,51
17:25:50.310,48,432,51
17:25:50.410,48,432,51
17:25:50.511,100,432,51
17:25:50.611,100,432,51
17:25:50.711,59,432,51
17:25:50.812,100,432,51
17:25:50.912,100,432,50
17:25:51.012,96,432,52
17:25:51.113,96,432,52
17:25:51.213,100,432,52
17:25:51.313,98,432,52
17:25:51.414,98,432,52
17:25:51.514,100,432,52
17:25:51.614,100,432,52
17:25:51.715,93,432,51
17:25:51.815,100,432,51
17:25:51.915,100,432,51
17:25:52.016,100,432,51
17:25:52.116,100,432,51
17:25:52.216,90,432,51
17:25:52.317,100,432,51
17:25:52.417,100,432,51
17:25:52.517,94,432,51
17:25:52.618,94,432,51
17:25:52.718,100,432,51
17:25:52.818,92,432,52
17:25:52.919,92,432,52
17:25:53.019,100,432,52
17:25:53.120,100,432,52
17:25:53.220,91,432,52
17:25:53.320,98,432,52
17:25:53.421,98,432,52
17:25:53.521,100,432,52
17:25:53.621,100,432,51
17:25:53.721,91,432,52
17:25:53.822,100,432,52
17:25:53.922,100,432,52
17:25:54.023,100,432,51
17:25:54.123,100,432,51
17:25:54.223,94,432,51
17:25:54.323,100,432,52
17:25:54.424,100,428,51
17:25:54.524,97,428,51
17:25:54.624,97,428,51
17:25:54.725,100,428,51
17:25:54.825,91,428,51
17:25:54.925,91,428,52
17:25:55.026,100,428,51
17:25:55.126,100,428,52
17:25:55.227,96,428,52
17:25:55.327,89,428,51
17:25:55.427,89,428,51
17:25:55.527,100,428,52
17:25:55.628,100,428,52
17:25:55.728,95,428,52
17:25:55.829,100,428,52
17:25:55.929,100,428,51
17:25:56.029,95,428,52
17:25:56.129,95,428,52
17:25:56.230,100,428,52
17:25:56.330,100,428,51
17:25:56.431,100,428,51
17:25:56.531,90,428,51
17:25:56.631,90,428,51
17:25:56.732,100,428,51
17:25:56.832,93,428,51
17:25:56.932,93,428,51
17:25:57.033,100,428,51
17:25:57.133,100,428,51
17:25:57.233,89,428,52
17:25:57.334,100,428,52
17:25:57.434,100,428,52
17:25:57.534,100,428,51
17:25:57.635,100,428,52
17:25:57.735,96,428,52
17:25:57.835,100,428,52
17:25:57.936,100,428,52
17:25:58.036,95,428,52
17:25:58.136,95,428,52
17:25:58.237,100,428,52
17:25:58.337,96,428,52
17:25:58.437,96,428,52
17:25:58.538,96,428,52
17:25:58.638,96,428,52
17:25:58.738,100,428,52
17:25:58.839,86,428,52
17:25:58.939,86,428,52
17:25:59.039,100,428,52
17:25:59.139,100,428,52
17:25:59.240,93,428,51
17:25:59.340,100,428,51
17:25:59.440,100,428,51
17:25:59.541,100,428,51
17:25:59.641,100,428,52
17:25:59.741,89,428,52
17:25:59.842,100,428,52
17:25:59.942,100,428,51
17:26:00.042,92,428,51
17:26:00.143,92,428,52
17:26:00.243,100,428,52
17:26:00.343,98,428,51
17:26:00.444,98,428,52
17:26:00.544,100,428,52
17:26:00.644,100,428,52
17:26:00.745,91,428,52
17:26:00.845,100,428,52
17:26:00.945,100,428,52
17:26:01.046,96,428,52
17:26:01.146,96,428,52
17:26:01.246,100,428,51
17:26:01.347,97,428,51
17:26:01.447,97,428,51
17:26:01.547,100,428,51
17:26:01.648,100,428,51
17:26:01.748,100,428,51
17:26:01.849,100,428,51
17:26:01.949,100,428,51
17:26:02.049,96,424,51
17:26:02.150,96,424,52
17:26:02.250,100,424,52
17:26:02.350,100,424,51
17:26:02.451,100,424,52
17:26:02.551,97,424,52
17:26:02.651,97,424,52
17:26:02.752,100,424,52
17:26:02.852,94,424,52
17:26:02.952,94,424,52
17:26:03.053,98,424,52
17:26:03.153,98,424,52
17:26:03.253,100,424,52
17:26:03.354,92,424,52
17:26:03.454,92,424,52
17:26:03.554,100,424,52
17:26:03.655,100,424,52
17:26:03.755,100,424,51
17:26:03.855,89,424,51
17:26:03.956,89,424,52
17:26:04.056,100,424,52
17:26:04.156,100,424,52
17:26:04.257,97,424,52
17:26:04.357,100,424,52
17:26:04.457,100,424,51
17:26:04.558,94,424,51
17:26:04.658,94,424,51
17:26:04.758,94,424,52
17:26:04.859,100,424,52
17:26:04.959,100,424,52
17:26:05.059,91,424,52
17:26:05.160,91,424,52
17:26:05.260,100,424,52
17:26:05.360,100,424,52
17:26:05.461,100,424,52
17:26:05.561,97,424,52
17:26:05.661,97,424,52
17:26:05.762,100,424,52
17:26:05.862,97,424,51
17:26:05.962,97,424,52
17:26:06.063,92,424,53
17:26:06.163,92,424,52
17:26:06.263,100,424,52
17:26:06.364,94,424,52
17:26:06.464,94,424,52
17:26:06.564,100,424,52
17:26:06.665,100,424,51
17:26:06.765,91,424,51
17:26:06.865,100,424,51
17:26:06.966,100,424,51
17:26:07.066,93,424,51
17:26:07.166,93,424,51
17:26:07.267,100,424,51
17:26:07.367,94,424,52
17:26:07.467,94,424,52
17:26:07.568,100,424,52
17:26:07.668,100,424,52
17:26:07.768,93,424,52
17:26:07.869,100,424,52
17:26:07.969,100,424,51
17:26:08.069,89,424,52
17:26:08.170,89,424,52
17:26:08.270,100,424,52
17:26:08.370,96,424,51
17:26:08.471,96,424,52
17:26:08.571,96,424,52
17:26:08.671,96,424,52
17:26:08.772,100,424,51
17:26:08.872,97,424,52
17:26:08.972,97,424,52
17:26:09.073,100,424,52
17:26:09.173,100,424,51
17:26:09.273,98,424,51
17:26:09.374,100,424,51
17:26:09.474,100,424,51
17:26:09.574,100,424,51
17:26:09.675,100,424,51
17:26:09.775,93,424,51
17:26:09.875,100,424,51
17:26:09.976,100,424,52
17:26:10.076,94,424,52
17:26:10.176,94,424,52
17:26:10.277,100,420,51
17:26:10.377,92,420,52
17:26:10.477,92,420,52
17:26:10.578,100,420,52
17:26:10.678,100,420,52
17:26:10.778,94,420,52
17:26:10.879,100,420,52
17:26:10.979,100,420,52
17:26:11.079,100,420,52
17:26:11.180,100,420,52
17:26:11.280,96,420,52
17:26:11.380,100,420,53
17:26:11.481,100,420,52
17:26:11.581,97,420,52
17:26:11.681,97,420,52
17:26:11.782,100,420,52
17:26:11.882,100,420,52
17:26:11.982,100,420,51
17:26:12.083,97,420,51
17:26:12.183,97,420,51
17:26:12.283,100,420,51
17:26:12.384,100,420,51
17:26:12.484,100,420,51
17:26:12.584,89,420,51
17:26:12.685,89,420,51
17:26:12.785,100,420,51
17:26:12.885,100,420,51
17:26:12.986,100,420,52
17:26:13.086,98,420,52
17:26:13.186,98,420,52
17:26:13.287,100,420,52
17:26:13.387,90,420,51
17:26:13.487,90,420,52
17:26:13.588,100,420,52
17:26:13.688,100,420,51
17:26:13.788,100,420,52
17:26:13.889,95,420,52
17:26:13.989,95,420,52
17:26:14.089,100,420,51
17:26:14.190,100,420,51
17:26:14.290,100,420,51
17:26:14.390,97,420,52
17:26:14.491,97,420,52
17:26:14.591,100,420,51
17:26:14.691,100,420,51
17:26:14.792,100,420,51
17:26:14.892,89,420,52
17:26:14.992,89,420,52
17:26:15.093,100,420,51
17:26:15.193,100,420,51
17:26:15.293,100,420,51
17:26:15.393,95,420,51
17:26:15.494,95,420,51
17:26:15.594,95,420,51
17:26:15.694,100,420,51
17:26:15.795,100,420,51
17:26:15.895,97,420,51
17:26:15.995,97,420,52
17:26:16.096,100,420,52
17:26:16.196,98,420,52
17:26:16.296,98,420,52
17:26:16.397,100,420,52
17:26:16.497,100,420,52
17:26:16.597,100,420,52
17:26:16.698,89,420,52
17:26:16.798,89,420,52
17:26:16.898,92,420,52
17:26:16.999,92,420,52
17:26:17.099,97,420,52
17:26:17.199,100,420,52
17:26:17.300,100,420,52
17:26:17.400,94,420,52
17:26:17.500,94,420,53
17:26:17.601,100,420,52
17:26:17.701,93,420,52
17:26:17.801,93,420,52
17:26:17.902,100,420,52
17:26:18.002,100,420,52
17:26:18.102,100,420,52
17:26:18.203,99,420,51
17:26:18.303,99,420,51
17:26:18.403,100,420,51
17:26:18.504,100,420,51
17:26:18.604,90,420,51
17:26:18.704,100,420,51
17:26:18.805,100,420,51
17:26:18.905,100,420,51
17:26:19.005,100,420,51
17:26:19.106,100,420,52
17:26:19.206,90,420,52
17:26:19.306,90,420,52
17:26:19.407,100,420,52
17:26:19.507,100,420,52
17:26:19.607,90,420,52
17:26:19.708,100,420,53
17:26:19.808,100,420,53
17:26:19.908,100,420,52
17:26:20.009,100,416,51
17:26:20.109,96,416,52
17:26:20.209,100,416,52
17:26:20.310,100,416,52
17:26:20.410,100,416,51
17:26:20.510,100,416,51
17:26:20.611,90,416,52
17:26:20.711,100,416,52
17:26:20.811,100,416,52
17:26:20.911,90,416,51
17:26:21.012,90,416,52
17:26:21.112,100,416,52
17:26:21.212,100,416,52
17:26:21.313,100,416,51
17:26:21.413,100,416,51
17:26:21.513,100,416,51
17:26:21.614,95,416,51
17:26:21.714,100,416,51
17:26:21.814,100,416,51
17:26:21.915,100,416,51
17:26:22.015,100,416,51
17:26:22.115,99,416,52
17:26:22.216,94,416,52
17:26:22.316,94,416,52
17:26:22.416,100,416,52
17:26:22.517,100,416,52
17:26:22.617,100,416,51
17:26:22.717,96,416,51
17:26:22.818,96,416,52
17:26:22.918,100,416,52
17:26:23.018,100,416,52
17:26:23.119,100,416,51
17:26:23.219,94,416,52
17:26:23.319,94,416,52
17:26:23.420,100,416,52
17:26:23.520,100,416,52
17:26:23.620,89,416,52
17:26:23.721,100,416,52
17:26:23.821,100,416,53
17:26:23.921,100,416,52
17:26:24.022,100,416,53
17:26:24.122,98,416,53
17:26:24.222,91,416,52
17:26:24.322,91,416,52
17:26:24.423,100,416,52
17:26:24.523,100,416,52
17:26:24.624,93,416,51
17:26:24.724,98,416,51
17:26:24.824,98,416,51
17:26:24.925,100,416,51
17:26:25.025,100,416,51
17:26:25.125,98,416,52
17:26:25.225,98,416,52
17:26:25.326,98,416,52
17:26:25.426,98,416,51
17:26:25.527,98,416,52
17:26:25.627,89,416,52
17:26:25.727,100,416,52
17:26:25.827,100,416,52
17:26:25.928,100,416,52
17:26:26.028,100,416,52
17:26:26.128,100,416,52
17:26:26.229,100,416,51
17:26:26.329,100,416,52
17:26:26.429,90,416,52
17:26:26.530,90,416,52
17:26:26.630,100,416,52
17:26:26.730,93,416,52
17:26:26.831,93,416,52
17:26:26.931,100,416,52
17:26:27.031,100,416,51
17:26:27.132,100,416,51
17:26:27.232,93,416,51
17:26:27.332,93,416,51
17:26:27.433,100,416,51
17:26:27.533,100,416,51
17:26:27.633,100,416,51
17:26:27.734,95,416,52
17:26:27.834,95,416,52
17:26:27.934,100,416,52
17:26:28.035,100,416,52
17:26:28.135,100,416,52
17:26:28.235,97,416,52
17:26:28.336,97,416,52
17:26:28.436,100,416,52
17:26:28.536,100,416,52
17:26:28.637,100,416,52
17:26:28.737,100,416,52
17:26:28.837,100,416,52
17:26:28.938,89,416,52
17:26:29.038,89,416,52
17:26:29.138,100,416,52
17:26:29.239,96,416,52
17:26:29.339,96,416,53
17:26:29.439,100,416,53
17:26:29.540,100,416,52
17:26:29.640,100,412,52
17:26:29.740,91,412,52
17:26:29.841,91,412,52
17:26:29.941,100,412,52
17:26:30.041,100,412,52
17:26:30.142,93,412,52
17:26:30.242,100,412,51
17:26:30.342,100,412,51
17:26:30.443,100,412,51
17:26:30.543,100,412,51
17:26:30.643,96,412,51
17:26:30.744,96,412,51
17:26:30.844,96,412,51
17:26:30.944,91,412,52
17:26:31.045,91,412,52
17:26:31.145,100,412,51
17:26:31.245,89,412,52
17:26:31.346,89,412,52
17:26:31.446,100,412,52
17:26:31.546,100,412,52
17:26:31.647,98,412,52
17:26:31.747,100,412,52
17:26:31.847,100,412,52
17:26:31.948,100,412,52
17:26:32.048,100,412,52
17:26:32.148,100,412,52
17:26:32.249,92,412,52
17:26:32.349,92,412,52
17:26:32.449,100,412,52
17:26:32.550,100,412,52
17:26:32.650,100,412,51
17:26:32.750,94,412,51
17:26:32.851,94,412,51
17:26:32.951,100,412,51
17:26:33.051,100,412,51
17:26:33.152,100,412,51
17:26:33.252,98,412,52
17:26:33.352,98,412,52
17:26:33.453,100,412,52
17:26:33.553,100,412,52
17:26:33.653,98,412,52
17:26:33.754,100,412,52
17:26:33.854,100,412,52
17:26:33.954,100,412,51
17:26:34.055,100,412,51
17:26:34.155,97,412,52
17:26:34.255,100,412,52
17:26:34.356,100,412,52
17:26:34.456,100,412,52
17:26:34.556,100,412,52
17:26:34.657,98,412,52
17:26:34.757,100,412,52
17:26:34.857,100,412,53
17:26:34.958,100,412,52
17:26:35.058,100,412,52
17:26:35.158,93,412,52
17:26:35.259,100,412,52
17:26:35.359,100,412,52
17:26:35.460,100,412,51
17:26:35.560,100,412,51
17:26:35.660,92,412,51
17:26:35.760,100,412,51
17:26:35.861,100,412,51
17:26:35.961,91,412,51
17:26:36.061,91,412,51
17:26:36.162,100,412,52
17:26:36.262,94,412,52
17:26:36.362,94,412,52
17:26:36.463,100,412,52
17:26:36.563,100,412,52
17:26:36.664,97,412,52
17:26:36.764,100,412,52
17:26:36.864,100,412,52
17:26:36.965,97,412,53
17:26:37.065,97,412,52
17:26:37.165,97,412,53
17:26:37.266,100,412,52
17:26:37.366,100,412,52
17:26:37.466,92,412,52
17:26:37.567,92,412,52
17:26:37.667,100,412,52
17:26:37.768,90,412,52
17:26:37.868,90,412,52
17:26:37.968,100,412,52
17:26:38.069,100,408,51
17:26:38.169,98,408,51
17:26:38.269,100,408,51
17:26:38.369,100,408,51
17:26:38.470,96,408,52
17:26:38.570,96,408,52
17:26:38.670,100,408,52
17:26:38.771,100,408,52
17:26:38.871,100,408,51
17:26:38.971,84,408,52
17:26:39.072,84,408,52
17:26:39.172,100,408,52
17:26:39.272,100,408,52
17:26:39.373,100,408,52
17:26:39.473,96,408,52
17:26:39.573,96,408,53
17:26:39.674,100,408,53
17:26:39.774,100,408,52
17:26:39.874,100,408,52
17:26:39.975,100,408,52
17:26:40.075,100,408,51
17:26:40.175,91,408,52
17:26:40.276,99,408,51
17:26:40.376,99,408,51
17:26:40.476,100,408,51
17:26:40.577,100,408,52
17:26:40.677,97,408,52
17:26:40.777,100,408,52
17:26:40.878,100,408,52
17:26:40.978,97,408,52
17:26:41.078,97,408,52
17:26:41.179,100,408,52
17:26:41.279,91,408,52
17:26:41.379,91,408,52
17:26:41.480,100,408,53
17:26:41.580,100,408,52
17:26:41.680,97,408,52
17:26:41.781,100,408,52
17:26:41.881,100,408,52
17:26:41.981,96,408,52
17:26:42.082,96,408,52
17:26:42.182,100,408,52
17:26:42.282,91,408,52
17:26:42.383,91,408,52
17:26:42.483,98,408,52
17:26:42.583,98,408,53
17:26:42.684,100,408,52
17:26:42.784,97,408,52
17:26:42.884,97,408,51
17:26:42.985,100,408,51
17:26:43.085,100,408,52
17:26:43.185,98,408,52
17:26:43.286,100,408,52
17:26:43.386,100,408,52
17:26:43.486,100,408,52
17:26:43.587,100,408,52
17:26:43.687,100,408,52
17:26:43.788,89,408,52
17:26:43.888,89,408,52
17:26:43.988,100,408,52
17:26:44.089,100,408,52
17:26:44.189,89,408,53
17:26:44.289,100,408,52
17:26:44.390,100,408,52
17:26:44.490,98,408,52
17:26:44.590,98,408,52
17:26:44.691,89,408,51
17:26:44.791,100,408,51
17:26:44.891,100,408,51
17:26:44.992,94,408,51
17:26:45.092,94,408,51
17:26:45.192,100,408,52
17:26:45.292,95,408,52
17:26:45.393,95,408,52
17:26:45.493,100,408,52
17:26:45.594,90,408,52
17:26:45.694,90,408,52
17:26:45.794,100,408,52
17:26:45.894,100,404,52
17:26:45.995,95,404,52
17:26:46.095,100,404,53
17:26:46.196,100,404,52
17:26:46.296,96,404,52
17:26:46.396,96,404,52
17:26:46.497,100,404,52
17:26:46.597,89,404,52
17:26:46.697,89,404,52
17:26:46.797,100,404,52
17:26:46.898,100,404,52
17:26:46.998,94,404,52
17:26:47.098,99,404,52
17:26:47.199,99,404,52
17:26:47.299,100,404,52
17:26:47.399,100,404,52
17:26:47.500,92,404,52
17:26:47.600,100,404,52
17:26:47.700,100,404,52
17:26:47.801,90,404,52
17:26:47.901,90,404,53
17:26:48.001,100,404,52
17:26:48.102,97,404,52
17:26:48.202,97,404,52
17:26:48.302,100,404,52
17:26:48.403,100,404,52
17:26:48.503,95,404,53
17:26:48.603,100,404,53
17:26:48.704,100,404,52
17:26:48.804,92,404,52
17:26:48.904,92,404,52
17:26:49.005,100,404,52
17:26:49.105,95,404,52
17:26:49.205,95,404,52
17:26:49.306,100,404,51
17:26:49.406,100,404,51
17:26:49.506,97,404,52
17:26:49.607,96,404,52
17:26:49.707,96,404,52
17:26:49.807,100,404,52
17:26:49.908,100,404,52
17:26:50.008,92,404,53
17:26:50.108,100,404,53
17:26:50.209,100,404,52
17:26:50.309,91,404,52
17:26:50.409,91,404,52
17:26:50.510,100,404,52
17:26:50.610,93,404,52
17:26:50.710,93,404,52
17:26:50.811,100,404,51
17:26:50.911,100,404,52
17:26:51.011,93,404,52
17:26:51.112,97,404,51
17:26:51.212,97,404,52
17:26:51.312,100,404,52
17:26:51.413,100,404,52
17:26:51.513,90,404,52
17:26:51.613,100,404,52
17:26:51.714,100,404,52
17:26:51.814,92,404,52
17:26:51.914,92,404,52
17:26:52.015,100,404,52
17:26:52.115,89,404,52
17:26:52.215,89,404,52
17:26:52.316,100,404,52
17:26:52.416,100,404,52
17:26:52.516,90,404,52
17:26:52.617,100,404,52
17:26:52.717,100,400,53
17:26:52.817,91,400,53
17:26:52.918,91,400,52
17:26:53.018,100,400,52
17:26:53.118,100,400,52
17:26:53.219,100,400,52
17:26:53.319,93,400,52
17:26:53.419,93,400,52
17:26:53.520,100,400,52
17:26:53.620,99,400,52
17:26:53.720,99,400,52
17:26:53.821,100,400,52
17:26:53.921,100,400,52
17:26:54.021,100,400,52
17:26:54.122,100,400,52
17:26:54.222,100,400,53
17:26:54.322,100,400,52
17:26:54.423,100,400,53
17:26:54.523,100,400,53
17:26:54.623,100,400,52
17:26:54.724,100,400,53
17:26:54.824,100,400,53
17:26:54.924,100,400,53
17:26:55.025,100,400,53
17:26:55.125,100,400,53
17:26:55.225,100,400,52
17:26:55.325,100,400,53
17:26:55.426,100,400,53
17:26:55.526,100,400,53
17:26:55.626,100,400,53
17:26:55.727,100,400,53
17:26:55.827,100,400,53
17:26:55.927,100,400,53
17:26:56.027,100,400,53
17:26:56.128,100,400,53
17:26:56.228,100,400,53
17:26:56.328,100,400,53
17:26:56.429,100,400,53
17:26:56.529,100,400,53
17:26:56.629,100,400,53
17:26:56.730,100,400,53
17:26:56.830,100,400,53
17:26:56.930,100,400,53
17:26:57.031,100,400,53
17:26:57.131,100,400,53
17:26:57.231,100,400,53
17:26:57.332,100,400,53
17:26:57.432,100,400,53
17:26:57.532,100,400,52
17:26:57.632,100,400,52
17:26:57.733,100,400,52
17:26:57.833,100,400,52
17:26:57.933,100,400,52
17:26:58.034,100,400,52
17:26:58.134,100,400,52
17:26:58.234,100,400,52
17:26:58.335,94,400,52
17:26:58.435,94,400,51
17:26:58.535,88,400,52
17:26:58.636,100,400,52
17:26:58.736,100,400,52
17:26:58.837,93,400,52
17:26:58.937,93,400,52
17:26:59.037,100,400,52
17:26:59.137,94,400,52
17:26:59.238,94,400,52
17:26:59.338,93,400,53
17:26:59.438,93,400,53
17:26:59.539,100,400,53
17:26:59.639,97,400,52
17:26:59.739,97,400,52
17:26:59.840,100,400,52
17:26:59.940,100,400,52
17:27:00.040,100,400,52
17:27:00.141,98,400,52
17:27:00.241,98,400,52
17:27:00.341,100,400,52
17:27:00.442,100,400,52
17:27:00.542,100,400,52
17:27:00.642,100,400,52
17:27:00.743,100,400,52
17:27:00.843,100,400,53
17:27:00.943,100,400,53
17:27:01.044,100,400,53
17:27:01.144,100,400,53
17:27:01.244,100,400,53
17:27:01.345,100,400,53
17:27:01.445,100,400,53
17:27:01.545,100,400,53
17:27:01.645,100,400,53
17:27:01.746,100,400,53
17:27:01.846,100,400,53
17:27:01.946,100,400,53
17:27:02.047,100,400,53
17:27:02.147,100,400,53
17:27:02.247,100,400,52
17:27:02.348,100,400,53
17:27:02.448,100,400,53
17:27:02.548,100,400,53
17:27:02.649,100,400,53
17:27:02.749,100,400,53
17:27:02.849,100,400,52
17:27:02.950,100,400,52
17:27:03.050,95,400,52
17:27:03.150,100,400,52
17:27:03.251,100,400,52
17:27:03.351,96,400,52
17:27:03.451,96,400,52
17:27:03.552,100,400,52
17:27:03.652,98,400,52
17:27:03.752,98,400,52
17:27:03.853,100,400,51
17:27:03.953,100,400,52
17:27:04.053,90,400,52
17:27:04.154,95,400,52
17:27:04.254,95,400,53
17:27:04.355,100,400,53
17:27:04.455,100,400,53
17:27:04.555,91,400,53
17:27:04.656,95,400,52
17:27:04.756,95,400,52
17:27:04.857,100,400,52
17:27:04.957,100,400,52
17:27:05.057,89,400,53
17:27:05.158,100,400,52
17:27:05.258,100,400,52
17:27:05.358,100,400,52
17:27:05.459,100,400,52
17:27:05.560,90,400,52
17:27:05.661,97,400,52
17:27:05.761,97,400,53
17:27:05.861,100,400,52
17:27:05.962,100,400,53
17:27:06.062,100,400,52
17:27:06.162,94,400,53
17:27:06.263,94,400,53
17:27:06.363,97,396,52
17:27:06.463,97,396,52
17:27:06.564,84,396,52
17:27:06.664,100,396,52
17:27:06.764,100,396,52
17:27:06.865,100,396,52
17:27:06.965,100,396,52
17:27:07.066,98,396,52
17:27:07.166,100,396,52
17:27:07.266,100,396,52
17:27:07.367,100,396,52
17:27:07.467,100,396,53
17:27:07.567,89,396,53
17:27:07.668,90,396,53
17:27:07.768,90,396,53
17:27:07.868,100,396,53
17:27:07.969,100,396,53
17:27:08.069,97,396,53
17:27:08.169,100,396,52
17:27:08.270,100,396,53
17:27:08.370,90,396,53
17:27:08.470,90,396,53
17:27:08.571,100,396,52
17:27:08.671,94,396,52
17:27:08.771,94,396,51
17:27:08.872,96,396,52
17:27:08.972,96,396,52
17:27:09.072,100,396,53
17:27:09.173,94,396,52
17:27:09.273,94,396,52
17:27:09.373,98,396,53
17:27:09.474,98,396,53
17:27:09.574,100,396,52
17:27:09.674,98,396,52
17:27:09.775,98,396,52
17:27:09.875,100,396,52
17:27:09.975,100,396,52
17:27:10.076,89,396,52
17:27:10.176,100,396,52
17:27:10.276,100,396,52
17:27:10.377,97,396,52
17:27:10.477,97,396,51
17:27:10.578,61,396,52
17:27:10.678,87,396,52
17:27:10.778,87,396,52
17:27:10.879,65,396,51
17:27:10.979,65,396,52
17:27:11.079,89,396,52
17:27:11.180,68,396,52
17:27:11.280,68,396,52
17:27:11.380,92,396,52
17:27:11.481,92,396,51
17:27:11.581,62,396,51
17:27:11.682,1,396,51
17:27:11.782,1,396,51
17:27:11.883,0,398,51
17:27:11.983,0,398,51
17:27:12.084,77,398,52
17:27:12.184,74,399,51
17:27:12.284,74,399,51
17:27:12.385,83,399,51
17:27:12.485,83,400,51
17:27:12.586,69,400,51
17:27:12.686,85,400,51
17:27:12.786,85,400,51
17:27:12.887,70,400,51
17:27:12.987,70,400,52
17:27:13.087,88,400,52
17:27:13.188,95,400,51
17:27:13.288,95,400,52
17:27:13.388,90,400,52
17:27:13.489,100,400,52
17:27:13.589,100,400,52
17:27:13.689,98,400,53
17:27:13.790,98,400,53
17:27:13.890,100,400,52
17:27:13.990,92,400,52
17:27:14.091,92,400,52
17:27:14.191,100,400,53
17:27:14.291,100,400,52
17:27:14.392,90,400,52
17:27:14.492,100,400,52
17:27:14.592,100,400,52
17:27:14.693,97,400,52
17:27:14.793,97,400,52
17:27:14.893,99,400,52
17:27:14.994,95,400,52
17:27:15.094,95,400,52
17:27:15.195,63,400,51
17:27:15.295,63,400,52
17:27:15.395,100,400,52
17:27:15.496,59,400,51
17:27:15.596,59,400,51
17:27:15.696,100,400,52
17:27:15.797,100,400,51
17:27:15.897,100,400,53
17:27:15.997,94,400,53
17:27:16.098,94,400,53
17:27:16.198,100,400,53
17:27:16.298,100,400,53
17:27:16.399,98,400,53
17:27:16.499,100,400,53
17:27:16.600,100,400,53
17:27:16.700,93,400,52
17:27:16.800,93,400,52
17:27:16.901,100,400,52
17:27:17.001,95,400,52
17:27:17.101,95,400,52
17:27:17.202,98,400,52
17:27:17.302,98,400,52
17:27:17.402,100,400,52
17:27:17.503,89,400,52
17:27:17.603,89,400,52
17:27:17.703,100,400,52
17:27:17.804,100,400,52
17:27:17.904,90,400,52
17:27:18.004,99,400,52
17:27:18.105,99,400,53
17:27:18.205,89,400,53
17:27:18.305,89,400,52
17:27:18.406,97,400,53
17:27:18.506,100,400,53
17:27:18.606,100,400,53
17:27:18.707,97,400,52
17:27:18.807,97,400,52
17:27:18.907,100,400,53
17:27:19.008,92,400,52
17:27:19.108,92,400,52
17:27:19.208,100,400,53
17:27:19.309,100,400,53
17:27:19.409,100,400,52
17:27:19.509,90,400,52
17:27:19.610,90,400,52
17:27:19.710,100,400,51
17:27:19.810,100,400,52
17:27:19.911,91,400,52
17:27:20.011,97,400,52
17:27:20.111,97,400,52
17:27:20.212,92,400,52
17:27:20.312,92,400,52
17:27:20.412,95,400,53
17:27:20.513,100,400,53
17:27:20.613,100,400,52
17:27:20.713,92,400,53
17:27:20.814,92,400,53
17:27:20.914,100,400,53
17:27:21.014,93,400,52
17:27:21.115,93,400,52
17:27:21.215,100,400,52
17:27:21.315,100,400,52
17:27:21.416,100,400,52
17:27:21.516,90,400,52
17:27:21.616,90,400,52
17:27:21.717,100,400,52
17:27:21.817,100,400,52
17:27:21.917,92,400,52
17:27:22.018,100,400,52
17:27:22.118,100,400,52
17:27:22.218,100,400,51
17:27:22.319,100,400,52
17:27:22.419,95,400,52
17:27:22.519,100,400,52
17:27:22.620,100,400,52
17:27:22.720,96,400,53
17:27:22.820,96,400,53
17:27:22.921,100,400,53
17:27:23.021,100,400,52
17:27:23.121,100,400,52
17:27:23.222,96,400,53
17:27:23.322,96,400,52
17:27:23.424,93,400,53
17:27:23.524,100,400,53
17:27:23.624,100,400,52
17:27:23.725,89,400,53
17:27:23.825,89,400,53
17:27:23.925,100,400,52
17:27:24.026,94,400,52
17:27:24.126,94,400,52
17:27:24.226,100,400,52
17:27:24.327,100,400,52
17:27:24.427,79,400,52
17:27:24.527,100,400,52
17:27:24.628,100,400,53
17:27:24.728,100,400,52
17:27:24.828,100,400,52
17:27:24.929,100,400,52
17:27:25.029,97,400,52
17:27:25.129,97,400,52
17:27:25.230,99,400,52
17:27:25.330,99,400,53
17:27:25.430,100,400,53
17:27:25.531,100,400,52
17:27:25.631,100,400,53
17:27:25.731,93,400,53
17:27:25.832,93,400,53
17:27:25.932,100,400,53
17:27:26.032,90,400,53
17:27:26.133,90,400,53
17:27:26.233,100,400,52
17:27:26.333,100,400,52
17:27:26.434,93,400,52
17:27:26.534,100,400,52
17:27:26.634,100,400,52
17:27:26.734,90,400,52
17:27:26.835,90,400,52
17:27:26.935,100,400,52
17:27:27.035,100,400,52
17:27:27.136,100,400,52
17:27:27.236,89,400,52
17:27:27.336,89,400,52
17:27:27.437,100,400,52
17:27:27.537,91,400,52
17:27:27.637,91,400,53
17:27:27.738,100,400,53
17:27:27.838,100,400,52
17:27:27.938,100,400,53
17:27:28.039,89,400,53
17:27:28.139,89,400,53
17:27:28.239,100,400,53
17:27:28.339,100,400,52
17:27:28.440,100,400,52
17:27:28.540,95,400,52
17:27:28.640,95,400,52
17:27:28.741,100,400,52
17:27:28.841,100,400,52
17:27:28.941,97,400,52
17:27:29.042,100,400,52
17:27:29.142,100,400,52
17:27:29.242,95,400,52
17:27:29.343,95,400,53
17:27:29.443,100,400,52
17:27:29.543,98,400,52
17:27:29.644,98,400,52
17:27:29.744,94,400,52
17:27:29.844,94,400,53
17:27:29.945,100,400,52
17:27:30.045,96,400,52
17:27:30.145,96,400,53
17:27:30.246,100,400,53
17:27:30.346,100,400,52
17:27:30.446,98,400,52
17:27:30.547,100,400,52
17:27:30.647,100,400,52
17:27:30.747,100,400,52
17:27:30.848,100,400,53
17:27:30.948,100,400,53
17:27:31.048,100,400,53
17:27:31.148,100,400,53
17:27:31.249,100,400,52
17:27:31.349,100,400,52
17:27:31.449,100,400,52
17:27:31.550,100,400,52
17:27:31.650,100,400,52
17:27:31.750,94,400,52
17:27:31.851,94,400,52
17:27:31.951,100,400,52
17:27:32.051,100,400,51
17:27:32.152,100,400,52
17:27:32.252,90,400,53
17:27:32.352,90,400,53
17:27:32.453,100,400,52
17:27:32.553,97,400,53
17:27:32.653,97,400,53
17:27:32.754,100,400,53
17:27:32.854,100,400,53
17:27:32.954,100,400,53
17:27:33.055,100,400,53
17:27:33.155,100,400,52
17:27:33.255,100,400,53
17:27:33.356,100,400,53
17:27:33.456,100,400,53
17:27:33.556,100,400,52
17:27:33.656,100,400,52
17:27:33.757,100,400,52
17:27:33.857,100,400,52
17:27:33.957,94,400,52
17:27:34.058,100,400,52
17:27:34.158,100,400,52
17:27:34.258,92,400,52
17:27:34.359,92,400,52
17:27:34.459,100,400,52
17:27:34.559,97,400,52
17:27:34.660,97,400,52
17:27:34.760,100,400,53
17:27:34.860,100,400,52
17:27:34.961,96,400,53
17:27:35.061,100,400,52
17:27:35.161,100,400,53
17:27:35.262,100,400,52
17:27:35.362,100,400,52
17:27:35.462,94,400,52
17:27:35.563,100,400,53
17:27:35.663,100,400,52
17:27:35.763,97,400,53
17:27:35.864,97,400,53
17:27:35.964,100,400,53
17:27:36.064,98,400,52
17:27:36.165,98,400,52
17:27:36.265,100,400,52
17:27:36.365,100,400,52
17:27:36.466,100,400,52
17:27:36.566,94,400,52
17:27:36.666,94,400,52
17:27:36.767,94,400,52
17:27:36.867,94,400,52
17:27:36.967,100,400,52
17:27:37.068,94,400,52
17:27:37.168,94,400,52
17:27:37.268,100,400,52
17:27:37.369,100,400,52
17:27:37.469,100,400,52
17:27:37.569,98,400,52
17:27:37.670,98,400,53
17:27:37.770,100,400,53
17:27:37.870,100,400,53
17:27:37.971,100,400,53
17:27:38.071,100,400,53
17:27:38.171,100,400,53
17:27:38.272,100,400,52
17:27:38.372,100,400,53
17:27:38.472,100,400,53
17:27:38.573,100,400,53
17:27:38.673,100,400,53
17:27:38.773,100,400,53
17:27:38.874,100,400,53
17:27:38.974,100,400,53
17:27:39.074,100,400,52
17:27:39.175,100,400,52
17:27:39.275,100,400,52
17:27:39.375,100,400,52
17:27:39.476,100,400,52
17:27:39.576,100,400,52
17:27:39.677,100,400,53
17:27:39.777,98,400,53
17:27:39.877,98,400,53
17:27:39.977,100,400,53
17:27:40.078,95,400,53
17:27:40.178,95,400,53
17:27:40.278,100,400,53
17:27:40.379,100,400,53
17:27:40.479,100,400,52
17:27:40.579,88,400,52
17:27:40.680,88,400,53
17:27:40.780,100,400,52
17:27:40.880,100,400,52
17:27:40.981,90,400,52
17:27:41.081,100,400,52
17:27:41.182,100,400,52
17:27:41.282,93,400,53
17:27:41.382,93,400,53
17:27:41.483,100,400,53
17:27:41.583,92,400,52
17:27:41.683,92,400,53
17:27:41.784,100,400,53
17:27:41.884,100,400,53
17:27:41.984,100,400,52
17:27:42.085,100,400,52
17:27:42.185,100,400,52
17:27:42.285,92,400,52
17:27:42.386,92,400,52
17:27:42.486,100,400,52
17:27:42.586,92,400,52
17:27:42.687,92,400,52
17:27:42.787,100,400,52
17:27:42.887,100,400,52
17:27:42.988,100,400,52
17:27:43.088,89,400,52
17:27:43.188,89,400,53
17:27:43.289,100,400,53
17:27:43.389,100,400,53
17:27:43.489,100,400,53
17:27:43.590,94,400,53
17:27:43.690,94,400,53
17:27:43.790,100,400,52
17:27:43.891,100,400,52
17:27:43.991,100,400,52
17:27:44.091,91,400,52
17:27:44.192,91,400,52
17:27:44.292,100,400,52
17:27:44.392,100,400,52
17:27:44.493,100,400,52
17:27:44.593,92,400,53
17:27:44.693,92,400,53
17:27:44.794,100,400,52
17:27:44.894,96,400,52
17:27:44.994,96,400,52
17:27:45.095,100,400,52
17:27:45.195,100,400,52
17:27:45.295,100,400,52
17:27:45.396,97,400,52
17:27:45.496,97,400,52
17:27:45.596,100,400,52
17:27:45.697,100,400,52
17:27:45.797,100,400,52
17:27:45.897,100,400,52
17:27:45.998,100,400,52
17:27:46.098,95,400,52
17:27:46.198,95,400,52
17:27:46.299,100,400,52
17:27:46.399,100,400,52
17:27:46.499,100,400,52
17:27:46.600,100,400,52
17:27:46.700,100,400,52
17:27:46.800,98,400,53
17:27:46.901,100,400,53
17:27:47.001,100,400,52
17:27:47.101,98,400,52
17:27:47.202,98,400,52
17:27:47.302,98,400,53
17:27:47.402,100,400,53
17:27:47.503,100,400,52
17:27:47.603,97,400,53
17:27:47.703,97,400,53
17:27:47.804,100,400,53
17:27:47.904,99,400,53
17:27:48.004,99,400,53
17:27:48.105,90,400,53
17:27:48.205,90,400,52
17:27:48.305,97,400,53
17:27:48.406,100,400,53
17:27:48.506,100,400,52
17:27:48.606,95,400,52
17:27:48.707,95,400,52
17:27:48.807,96,400,52
17:27:48.907,100,400,52
17:27:49.008,100,400,52
17:27:49.108,97,400,52
17:27:49.209,97,400,52
17:27:49.309,100,400,53
17:27:49.409,100,400,53
17:27:49.509,100,400,53
17:27:49.610,100,400,53
17:27:49.710,100,400,53
17:27:49.810,100,400,53
17:27:49.911,100,400,53
17:27:50.011,100,400,53
17:27:50.111,100,400,53
17:27:50.212,100,400,53
17:27:50.312,100,400,53
17:27:50.412,100,400,53
17:27:50.513,100,400,53
17:27:50.613,100,400,53
17:27:50.713,100,400,53
17:27:50.813,100,400,53
17:27:50.914,100,400,53
17:27:51.014,100,400,53
17:27:51.114,100,400,53
17:27:51.215,100,400,53
17:27:51.315,100,400,53
17:27:51.415,100,400,54
17:27:51.516,100,400,54
17:27:51.616,100,400,53
17:27:51.716,100,400,53
17:27:51.817,100,400,53
17:27:51.917,100,400,53
17:27:52.017,100,400,53
17:27:52.118,100,400,53
17:27:52.218,100,400,53
17:27:52.318,100,400,52
17:27:52.419,100,400,52
17:27:52.519,100,400,52
17:27:52.619,100,400,52
17:27:52.720,100,400,52
17:27:52.820,100,400,52
17:27:52.920,100,400,52
17:27:53.020,100,400,52
17:27:53.121,100,400,52
17:27:53.221,100,400,52
17:27:53.321,100,400,52
17:27:53.422,100,400,52
17:27:53.522,100,400,52
17:27:53.622,100,400,52
17:27:53.723,100,400,52
17:27:53.823,92,400,52
17:27:53.923,100,400,52
17:27:54.024,100,400,52
17:27:54.124,94,400,52
17:27:54.224,94,400,52
17:27:54.325,93,400,53
17:27:54.425,100,400,53
17:27:54.525,100,400,52
17:27:54.626,90,400,53
17:27:54.726,90,400,53
17:27:54.826,100,400,52
17:27:54.927,94,400,53
17:27:55.027,94,400,53
17:27:55.127,100,400,53
17:27:55.228,100,400,52
17:27:55.328,100,400,53
17:27:55.428,93,400,53
17:27:55.529,93,400,53
17:27:55.629,100,400,52
17:27:55.729,100,400,52
17:27:55.830,90,400,52
17:27:55.930,100,400,52
17:27:56.030,100,400,52
17:27:56.131,100,400,52
17:27:56.231,100,400,51
17:27:56.331,92,400,52
17:27:56.432,100,400,53
17:27:56.532,100,400,52
17:27:56.632,100,400,52
17:27:56.733,100,400,52
17:27:56.833,91,400,53
17:27:56.933,100,400,52
17:27:57.034,100,400,52
17:27:57.134,100,400,52
17:27:57.234,100,400,53
17:27:57.335,94,400,53
17:27:57.435,100,400,53
17:27:57.535,100,400,52
17:27:57.636,100,400,52
17:27:57.736,100,400,53
17:27:57.836,89,400,53
17:27:57.937,100,400,53
17:27:58.037,100,400,53
17:27:58.137,94,400,52
17:27:58.238,94,400,53
17:27:58.338,100,400,52
17:27:58.438,100,400,52
17:27:58.539,100,400,52
17:27:58.639,94,400,52
17:27:58.739,94,400,52
17:27:58.840,100,400,52
17:27:58.940,93,400,52
17:27:59.040,93,400,52
17:27:59.141,100,400,52
17:27:59.241,100,400,51
17:27:59.341,89,400,52
17:27:59.442,100,400,52
17:27:59.542,100,400,53
17:27:59.642,100,400,52
17:27:59.743,100,400,52
17:27:59.843,91,400,53
17:27:59.943,91,400,52
17:28:00.044,91,400,53
17:28:00.144,100,400,52
17:28:00.244,100,400,53
17:28:00.345,96,400,53
17:28:00.445,93,400,53
17:28:00.545,93,400,53
17:28:00.646,100,400,52
17:28:00.746,100,400,52
17:28:00.846,99,400,52
17:28:00.947,97,400,52
17:28:01.047,97,400,52
17:28:01.147,98,400,52
17:28:01.248,98,400,52
17:28:01.348,100,400,52
17:28:01.448,100,400,52
17:28:01.549,100,400,53
17:28:01.649,97,400,53
17:28:01.749,97,400,53
17:28:01.850,100,400,53
17:28:01.950,93,400,53
17:28:02.050,93,400,52
17:28:02.151,100,400,52
17:28:02.251,100,400,52
17:28:02.351,85,400,52
17:28:02.452,100,400,52
17:28:02.552,100,400,53
17:28:02.652,90,400,53
17:28:02.753,90,400,53
17:28:02.853,100,400,53
17:28:02.953,93,400,52
17:28:03.054,93,400,52
17:28:03.154,100,400,52
17:28:03.255,100,400,52
17:28:03.355,93,400,52
17:28:03.455,100,400,52
17:28:03.555,100,400,52
17:28:03.656,91,400,52
17:28:03.756,91,400,52
17:28:03.857,100,400,52
17:28:03.957,99,400,52
17:28:04.057,99,400,53
17:28:04.158,91,400,53
17:28:04.258,91,400,53
17:28:04.358,100,400,53
17:28:04.459,98,400,53
17:28:04.559,98,400,53
17:28:04.659,100,400,53
17:28:04.760,100,400,53
17:28:04.860,100,400,53
17:28:04.960,100,400,53
17:28:05.060,100,400,53
17:28:05.161,100,400,53
17:28:05.261,100,400,53
17:28:05.361,100,400,53
17:28:05.462,100,400,53
17:28:05.562,100,400,53
17:28:05.662,100,400,53
17:28:05.763,100,400,53
17:28:05.863,100,400,53
17:28:05.963,100,400,53
17:28:06.063,100,400,53
17:28:06.164,100,400,53
17:28:06.264,100,400,53
17:28:06.364,100,400,53
17:28:06.465,100,400,53
17:28:06.565,100,400,53
17:28:06.665,100,400,53
17:28:06.766,100,400,53
17:28:06.866,100,400,53
17:28:06.966,100,400,53
17:28:07.066,100,400,53
17:28:07.167,100,400,53
17:28:07.267,100,400,53
17:28:07.367,100,400,54
17:28:07.468,100,400,53
17:28:07.568,100,400,53
17:28:07.668,100,400,53
17:28:07.769,100,400,53
17:28:07.869,100,400,53
17:28:07.969,100,400,53
17:28:08.070,100,400,52
17:28:08.170,100,400,52
17:28:08.270,100,400,52
17:28:08.370,100,400,52
17:28:08.471,100,400,52
17:28:08.571,100,400,52
17:28:08.671,100,400,52
17:28:08.772,100,400,52
17:28:08.872,100,400,52
17:28:08.972,88,400,53
17:28:09.073,88,400,53
17:28:09.173,100,400,52
17:28:09.273,100,400,52
17:28:09.374,95,400,52
17:28:09.474,97,400,52
17:28:09.574,97,400,52
17:28:09.675,99,400,52
17:28:09.775,99,400,52
17:28:09.875,92,400,52
17:28:09.976,100,400,52
17:28:10.076,100,400,53
17:28:10.176,97,400,53
17:28:10.277,97,400,53
17:28:10.377,100,400,53
17:28:10.477,100,400,53
17:28:10.578,100,400,53
17:28:10.678,100,400,53
17:28:10.778,100,400,53
17:28:10.879,100,400,53
17:28:10.979,100,400,53
17:28:11.079,100,400,53
17:28:11.180,100,400,53
17:28:11.280,100,400,53
17:28:11.380,100,400,53
17:28:11.481,100,400,53
17:28:11.581,100,400,54
17:28:11.681,100,400,54
17:28:11.782,100,400,53
17:28:11.882,100,400,53
17:28:11.982,100,400,53
17:28:12.083,100,400,53
17:28:12.183,100,400,53
17:28:12.284,100,400,53
17:28:12.384,100,400,53
17:28:12.484,100,400,53
17:28:12.585,100,400,53
17:28:12.685,100,400,53
17:28:12.785,100,400,53
17:28:12.886,100,400,53
17:28:12.986,100,400,53
17:28:13.086,100,400,53
17:28:13.187,100,400,52
17:28:13.287,100,400,52
17:28:13.387,100,400,52
17:28:13.487,100,400,52
17:28:13.588,100,400,52
17:28:13.688,100,400,52
17:28:13.788,100,400,53
17:28:13.889,90,400,53
17:28:13.989,100,400,52
17:28:14.089,100,400,53
17:28:14.190,91,400,53
17:28:14.290,91,400,53
17:28:14.390,98,400,53
17:28:14.491,100,400,53
17:28:14.591,100,400,53
17:28:14.691,97,400,53
17:28:14.792,97,400,53
17:28:14.892,100,400,53
17:28:14.992,100,400,53
17:28:15.093,100,400,54
17:28:15.193,100,400,54
17:28:15.293,100,400,53
17:28:15.394,100,400,53
17:28:15.494,100,400,53
17:28:15.594,100,400,53
17:28:15.695,100,400,53
17:28:15.795,100,400,53
17:28:15.895,100,400,53
17:28:15.995,100,400,53
17:28:16.096,100,400,53
17:28:16.196,100,400,53
17:28:16.296,100,400,53
17:28:16.397,100,400,52
17:28:16.497,100,400,52
17:28:16.597,100,400,52
17:28:16.698,100,400,52
17:28:16.798,100,400,52
17:28:16.898,100,400,52
17:28:16.999,93,400,53
17:28:17.099,93,400,53
17:28:17.199,100,400,53
17:28:17.300,93,400,53
17:28:17.400,93,400,53
17:28:17.500,91,400,52
17:28:17.601,91,400,53
17:28:17.701,100,400,53
17:28:17.801,94,400,52
17:28:17.902,94,400,53
17:28:18.002,100,400,53
17:28:18.102,100,400,53
17:28:18.203,97,400,53
17:28:18.303,93,400,53
17:28:18.403,93,400,52
17:28:18.504,100,400,52
17:28:18.604,100,400,52
17:28:18.704,95,400,52
17:28:18.805,100,400,52
17:28:18.905,100,400,53
17:28:19.005,92,400,53
17:28:19.106,92,400,53
17:28:19.206,99,400,53
17:28:19.306,92,400,53
17:28:19.407,92,400,53
17:28:19.507,92,400,53
17:28:19.607,92,400,53
17:28:19.708,100,400,53
17:28:19.808,93,400,53
17:28:19.909,93,400,53
17:28:20.009,100,400,53
17:28:20.109,100,400,53
17:28:20.210,96,400,53
17:28:20.310,100,400,52
17:28:20.410,100,400,52
17:28:20.510,100,400,52
17:28:20.611,100,400,53
17:28:20.711,92,400,53
17:28:20.811,94,400,52
17:28:20.912,94,400,53
17:28:21.012,100,400,52
17:28:21.113,100,400,52
17:28:21.213,92,400,52
17:28:21.313,100,400,53
17:28:21.414,100,400,53
17:28:21.514,97,400,53
17:28:21.614,97,400,53
17:28:21.715,100,400,53
17:28:21.815,95,400,53
17:28:21.915,95,400,53
17:28:22.016,94,400,53
17:28:22.116,94,400,53
17:28:22.216,100,400,53
17:28:22.317,96,400,52
17:28:22.417,96,400,52
17:28:22.517,100,400,52
17:28:22.618,100,400,52
17:28:22.718,91,400,52
17:28:22.818,100,400,52
17:28:22.919,100,400,53
17:28:23.019,100,400,53
17:28:23.119,100,400,53
17:28:23.220,92,400,53
17:28:23.320,100,400,52
17:28:23.420,100,400,53
17:28:23.521,89,400,53
17:28:23.621,89,400,53
17:28:23.721,92,400,53
17:28:23.822,100,400,53
17:28:23.922,100,400,52
17:28:24.022,91,400,53
17:28:24.123,91,400,53
17:28:24.223,100,400,53
17:28:24.323,92,400,53
17:28:24.424,92,400,53
17:28:24.524,100,400,52
17:28:24.624,100,400,52
17:28:24.725,100,400,52
17:28:24.825,94,400,53
17:28:24.925,94,400,53
17:28:25.026,99,400,53
17:28:25.126,99,400,53
17:28:25.226,100,400,53
17:28:25.327,100,400,53
17:28:25.427,100,400,53
17:28:25.527,100,400,53
17:28:25.628,100,400,53
17:28:25.728,96,400,52
17:28:25.828,100,400,52
17:28:25.929,100,400,52
17:28:26.029,96,400,52
17:28:26.129,96,400,52
17:28:26.230,100,400,52
17:28:26.330,90,400,52
17:28:26.430,90,400,52
17:28:26.531,100,400,52
17:28:26.631,100,400,52
17:28:26.731,97,400,53
17:28:26.832,92,400,52
17:28:26.932,92,400,53
17:28:27.032,100,400,53
17:28:27.133,100,400,53
17:28:27.233,91,400,53
17:28:27.333,100,400,53
17:28:27.434,100,400,53
17:28:27.534,93,400,53
17:28:27.634,93,400,53
17:28:27.735,90,400,53
17:28:27.835,100,400,53
17:28:27.935,100,400,52
17:28:28.036,89,400,52
17:28:28.136,89,400,52
17:28:28.237,54,400,52
17:28:28.337,100,400,52
17:28:28.438,100,400,52
17:28:28.538,40,400,52
17:28:28.638,40,400,52
17:28:28.739,100,400,52
17:28:28.839,40,400,52
17:28:28.940,40,400,52
17:28:29.040,100,400,52
17:28:29.140,100,400,52
17:28:29.241,37,400,52
17:28:29.341,100,400,53
17:28:29.442,100,400,52
17:28:29.542,44,400,52
17:28:29.642,44,400,52
17:28:29.743,100,400,52
17:28:29.843,45,400,51
17:28:29.944,45,400,52
17:28:30.044,100,400,51
17:28:30.144,100,400,51
17:28:30.245,51,400,52
17:28:30.345,100,400,52
17:28:30.446,100,400,52
17:28:30.546,62,400,52
17:28:30.646,62,400,52
17:28:30.747,100,400,52
17:28:30.847,57,400,52
17:28:30.948,57,400,53
17:28:31.048,100,400,53
17:28:31.148,100,400,52
17:28:31.248,65,400,53
17:28:31.349,100,400,53
17:28:31.449,100,400,52
17:28:31.550,60,400,52
17:28:31.650,60,400,52
17:28:31.750,100,400,52
17:28:31.851,62,400,52
17:28:31.951,62,400,52
17:28:32.052,100,400,52
17:28:32.152,100,400,52
17:28:32.252,41,400,52
17:28:32.353,100,400,52
17:28:32.453,100,400,51
17:28:32.554,38,400,51
17:28:32.654,38,400,51
17:28:32.755,91,400,51
17:28:32.855,31,400,52
17:28:32.955,31,400,52
17:28:33.056,82,400,51
17:28:33.156,82,400,52
17:28:33.257,33,400,52
17:28:33.357,81,400,51
17:28:33.457,81,400,51
17:28:33.558,36,400,52
17:28:33.658,36,400,51
17:28:33.759,82,400,51
17:28:33.859,38,400,52
17:28:33.959,38,400,52
17:28:34.060,81,400,51
17:28:34.160,81,400,52
17:28:34.261,40,400,52
17:28:34.361,100,400,52
17:28:34.462,100,400,51
17:28:34.562,47,400,51
17:28:34.662,47,400,52
17:28:34.763,92,400,51
17:28:34.863,44,400,51
17:28:34.964,44,400,51
17:28:35.064,100,400,51
17:28:35.165,100,400,52
17:28:35.265,47,400,52
17:28:35.365,94,400,51
17:28:35.466,94,400,52
17:28:35.566,49,400,53
17:28:35.666,49,400,53
17:28:35.767,100,400,52
17:28:35.867,51,400,52
17:28:35.968,51,400,53
17:28:36.068,99,400,52
17:28:36.168,99,400,52
17:28:36.269,53,400,52
17:28:36.369,100,400,52
17:28:36.470,100,400,51
17:28:36.570,5,400,51
17:28:36.671,5,400,51
17:28:36.771,0,400,51
17:28:36.872,31,430,52
17:28:36.972,31,430,52
17:28:37.073,100,430,51
17:28:37.173,100,430,52
17:28:37.273,69,430,51
17:28:37.374,100,430,51
17:28:37.474,100,430,51
17:28:37.574,60,430,51
17:28:37.675,60,430,51
17:28:37.775,100,430,51
17:28:37.876,60,430,52
17:28:37.976,60,430,52
17:28:38.076,100,430,52
17:28:38.177,100,430,53
17:28:38.277,85,430,53
17:28:38.377,100,430,53
17:28:38.478,100,430,52
17:28:38.578,94,430,53
17:28:38.678,94,430,53
17:28:38.779,100,430,53
17:28:38.879,100,430,52
17:28:38.979,100,430,52
17:28:39.080,91,430,53
17:28:39.180,91,430,52
17:28:39.281,97,430,53
17:28:39.381,99,430,53
17:28:39.481,99,430,52
17:28:39.582,93,430,52
17:28:39.682,100,430,52
17:28:39.782,100,430,52
17:28:39.883,96,430,53
17:28:39.983,96,430,53
17:28:40.083,100,430,52
17:28:40.184,92,430,52
17:28:40.284,92,430,52
17:28:40.385,100,430,52
17:28:40.485,100,430,52
17:28:40.585,66,430,52
17:28:40.686,100,430,52
17:28:40.786,100,430,51
17:28:40.886,91,430,53
17:28:40.987,91,430,53
17:28:41.087,100,430,53
17:28:41.187,89,430,52
17:28:41.288,89,430,52
17:28:41.388,100,430,53
17:28:41.488,100,430,52
17:28:41.589,97,430,52
17:28:41.689,92,430,52
17:28:41.789,92,430,52
17:28:41.890,100,430,52
17:28:41.990,100,430,52
17:28:42.091,97,430,52
17:28:42.191,100,430,52
17:28:42.291,100,430,52
17:28:42.392,95,430,52
17:28:42.492,95,430,52
17:28:42.592,100,430,52
17:28:42.693,92,430,52
17:28:42.793,92,430,52
17:28:42.893,100,430,52
17:28:42.994,100,430,53
17:28:43.094,89,430,53
17:28:43.194,93,430,52
17:28:43.295,93,430,52
17:28:43.395,100,430,53
17:28:43.495,100,430,53
17:28:43.596,100,430,53
17:28:43.696,89,430,53
17:28:43.797,89,430,53
17:28:43.897,100,430,52
17:28:43.997,100,430,53
17:28:44.098,92,430,53
17:28:44.198,100,430,53
17:28:44.298,100,430,52
17:28:44.399,91,426,52
17:28:44.499,91,426,52
17:28:44.599,100,426,52
17:28:44.699,92,426,52
17:28:44.800,92,426,52
17:28:44.900,100,426,52
17:28:45.001,100,426,53
17:28:45.101,96,426,53
17:28:45.201,100,426,53
17:28:45.302,100,426,53
17:28:45.402,89,426,53
17:28:45.502,89,426,53
17:28:45.603,98,426,53
17:28:45.703,98,426,53
17:28:45.803,98,426,53
17:28:45.904,99,426,53
17:28:46.004,99,426,53
17:28:46.104,98,426,52
17:28:46.205,100,426,52
17:28:46.305,100,426,52
17:28:46.405,96,426,52
17:28:46.506,96,426,52
17:28:46.606,100,426,52
17:28:46.706,97,426,52
17:28:46.807,97,426,52
17:28:46.907,100,426,52
17:28:47.007,100,426,52
17:28:47.108,100,426,52
17:28:47.208,93,426,52
17:28:47.308,93,426,52
17:28:47.409,100,426,53
17:28:47.509,100,426,52
17:28:47.609,96,426,53
17:28:47.710,100,426,53
17:28:47.810,100,426,53
17:28:47.910,100,426,53
17:28:48.011,100,426,53
17:28:48.111,89,426,54
17:28:48.211,97,426,53
17:28:48.312,97,426,53
17:28:48.412,100,426,53
17:28:48.513,100,426,53
17:28:48.613,89,426,53
17:28:48.713,100,426,53
17:28:48.814,100,426,52
17:28:48.914,94,426,53
17:28:49.014,94,426,52
17:28:49.115,100,426,52
17:28:49.215,93,426,52
17:28:49.315,93,426,52
17:28:49.416,100,426,52
17:28:49.516,100,426,52
17:28:49.616,92,426,52
17:28:49.717,100,426,52
17:28:49.817,100,426,53
17:28:49.917,100,426,52
17:28:50.017,100,426,53
17:28:50.118,95,426,53
17:28:50.218,100,426,53
17:28:50.318,100,426,53
17:28:50.419,98,426,53
17:28:50.519,98,426,53
17:28:50.619,100,426,53
17:28:50.720,95,426,53
17:28:50.820,95,426,53
17:28:50.920,98,426,53
17:28:51.021,98,426,53
17:28:51.121,100,426,52
17:28:51.221,93,426,52
17:28:51.322,93,426,52
17:28:51.422,100,426,52
17:28:51.522,100,426,52
17:28:51.623,100,426,52
17:28:51.723,95,426,52
17:28:51.823,95,426,52
17:28:51.924,100,426,52
17:28:52.024,100,422,52
17:28:52.124,96,422,52
17:28:52.225,100,422,52
17:28:52.325,100,422,52
17:28:52.425,98,422,53
17:28:52.526,98,422,53
17:28:52.626,100,422,53
17:28:52.726,100,422,53
17:28:52.827,100,422,53
17:28:52.927,98,422,53
17:28:53.027,98,422,53
17:28:53.128,100,422,53
17:28:53.228,100,422,52
17:28:53.328,100,422,52
17:28:53.429,90,422,52
17:28:53.529,90,422,53
17:28:53.629,100,422,53
17:28:53.730,98,422,53
17:28:53.830,98,422,53
17:28:53.930,100,422,53
17:28:54.030,100,422,53
17:28:54.131,96,422,53
17:28:54.231,100,422,53
17:28:54.331,100,422,52
17:28:54.432,94,422,52
17:28:54.532,94,422,52
17:28:54.632,96,422,52
17:28:54.733,100,422,52
17:28:54.833,100,422,52
17:28:54.933,100,422,52
17:28:55.034,100,422,53
17:28:55.134,96,422,53
17:28:55.234,100,422,53
17:28:55.335,100,422,53
17:28:55.435,88,422,53
17:28:55.535,88,422,53
17:28:55.636,100,422,53
17:28:55.736,100,422,53
17:28:55.836,100,422,52
17:28:55.937,94,422,53
17:28:56.037,94,422,53
17:28:56.137,100,422,53
17:28:56.238,96,422,53
17:28:56.338,96,422,53
17:28:56.438,100,422,53
17:28:56.539,100,422,52
17:28:56.639,94,422,52
17:28:56.739,100,422,52
17:28:56.840,100,422,52
17:28:56.940,93,422,52
17:28:57.040,93,422,52
17:28:57.141,100,422,52
17:28:57.241,93,422,52
17:28:57.341,93,422,53
17:28:57.442,100,422,53
17:28:57.542,100,422,53
17:28:57.642,100,422,53
17:28:57.743,93,422,53
17:28:57.843,93,422,52
17:28:57.943,100,422,53
17:28:58.044,100,422,53
17:28:58.144,96,422,53
17:28:58.244,100,422,53
17:28:58.344,100,422,52
17:28:58.445,82,422,53
17:28:58.545,82,422,53
17:28:58.645,100,422,53
17:28:58.746,98,372,53
17:28:58.846,98,372,53
17:28:58.946,100,372,53
17:28:59.047,100,372,53
17:28:59.147,100,372,52
17:28:59.247,100,372,52
17:28:59.348,100,372,52
17:28:59.448,100,372,52
17:28:59.548,100,372,52
17:28:59.649,100,372,52
17:28:59.749,100,372,52
17:28:59.849,100,372,52
17:28:59.950,100,372,52
17:29:00.050,100,372,52
17:29:00.150,100,372,52
17:29:00.251,100,372,52
17:29:00.351,100,372,52
17:29:00.451,90,372,53
17:29:00.552,90,372,53
17:29:00.652,100,372,53
17:29:00.752,100,372,53
17:29:00.853,100,372,53
17:29:00.953,90,372,53
17:29:01.053,90,372,53
17:29:01.153,100,372,53
17:29:01.254,95,372,53
17:29:01.354,95,372,53
17:29:01.454,100,372,53
17:29:01.555,100,372,53
17:29:01.655,100,372,53
17:29:01.755,92,372,52
17:29:01.856,92,372,52
17:29:01.956,100,372,52
17:29:02.056,100,372,52
17:29:02.157,100,372,52
17:29:02.257,92,372,52
17:29:02.357,92,372,52
17:29:02.458,100,372,52
17:29:02.558,100,372,52
17:29:02.658,100,372,52
17:29:02.759,92,372,52
17:29:02.859,92,372,52
17:29:02.959,100,372,52
17:29:03.060,100,372,53
17:29:03.160,100,372,53
17:29:03.260,96,372,53
17:29:03.361,96,372,53
17:29:03.461,100,372,52
17:29:03.561,100,372,52
17:29:03.661,90,372,53
17:29:03.762,100,372,53
17:29:03.862,100,372,52
17:29:03.962,100,372,52
17:29:04.063,100,372,52
17:29:04.163,89,372,53
17:29:04.263,100,372,53
17:29:04.364,100,372,52
17:29:04.464,100,372,52
17:29:04.564,100,372,52
17:29:04.665,91,372,52
17:29:04.765,100,372,53
17:29:04.865,100,372,53
17:29:04.966,100,372,52
17:29:05.067,100,372,52
17:29:05.167,100,372,52
17:29:05.267,90,372,52
17:29:05.368,90,372,52
17:29:05.468,100,372,52
17:29:05.568,100,372,52
17:29:05.669,100,372,52
17:29:05.769,98,372,52
17:29:05.869,98,372,53
17:29:05.970,100,372,53
17:29:06.070,100,372,52
17:29:06.170,90,372,53
17:29:06.271,100,372,53
17:29:06.371,100,372,53
17:29:06.471,100,372,52
17:29:06.572,100,372,53
17:29:06.672,92,372,53
17:29:06.772,100,372,53
17:29:06.873,100,372,53
17:29:06.973,97,372,53
17:29:07.073,97,372,53
17:29:07.174,100,372,52
17:29:07.274,91,372,53
17:29:07.374,91,372,53
17:29:07.475,100,372,53
17:29:07.575,100,372,52
17:29:07.675,95,372,52
17:29:07.776,97,372,53
17:29:07.876,97,372,53
17:29:07.976,100,372,52
17:29:08.077,100,372,52
17:29:08.177,99,372,52
17:29:08.277,98,372,52
17:29:08.378,98,372,52
17:29:08.478,100,372,52
17:29:08.578,100,372,52
17:29:08.679,90,372,52
17:29:08.779,100,372,52
17:29:08.879,100,372,52
17:29:08.979,100,372,52
17:29:09.080,100,372,52
17:29:09.180,90,372,53
17:29:09.280,100,372,53
17:29:09.381,100,372,53
17:29:09.481,100,372,53
17:29:09.581,100,372,53
17:29:09.682,92,372,53
17:29:09.782,100,372,53
17:29:09.882,100,372,53
17:29:09.983,100,372,53
17:29:10.083,100,372,53
17:29:10.183,90,372,53
17:29:10.284,100,372,53
17:29:10.384,100,372,52
17:29:10.484,100,372,52
17:29:10.585,90,372,53
17:29:10.685,90,372,53
17:29:10.785,100,372,53
17:29:10.886,100,372,52
17:29:10.986,96,372,52
17:29:11.086,100,372,53
17:29:11.187,100,372,53
17:29:11.287,100,372,53
17:29:11.387,100,372,52
17:29:11.488,98,372,52
17:29:11.588,100,372,52
17:29:11.688,100,372,52
17:29:11.788,100,372,52
17:29:11.889,100,372,52
17:29:11.989,100,372,52
17:29:12.089,97,372,52
17:29:12.190,97,372,52
17:29:12.290,100,372,53
17:29:12.390,100,372,53
17:29:12.491,100,372,53
17:29:12.591,100,372,52
17:29:12.691,100,372,52
17:29:12.792,90,372,52
17:29:12.892,90,372,52
17:29:12.992,100,372,52
17:29:13.093,89,372,52
17:29:13.193,89,372,53
17:29:13.293,100,372,53
17:29:13.394,100,372,53
17:29:13.494,100,372,53
17:29:13.594,94,372,52
17:29:13.695,94,372,53
17:29:13.795,100,372,53
17:29:13.895,100,372,53
17:29:13.996,100,372,53
17:29:14.096,92,372,53
17:29:14.196,92,372,53
17:29:14.297,89,372,52
17:29:14.397,89,372,52
17:29:14.497,100,372,52
17:29:14.598,95,372,52
17:29:14.698,95,372,52
17:29:14.798,93,372,52
17:29:14.899,93,372,52
17:29:14.999,100,372,52
17:29:15.099,92,372,52
17:29:15.200,92,372,52
17:29:15.300,97,372,53
17:29:15.400,97,372,52
17:29:15.501,91,372,53
17:29:15.601,98,372,53
17:29:15.701,98,372,53
17:29:15.802,100,372,53
17:29:15.902,100,372,52
17:29:16.002,100,372,53
17:29:16.103,98,372,53
17:29:16.203,98,372,53
17:29:16.303,100,372,53
17:29:16.404,100,372,53
17:29:16.504,100,372,53
17:29:16.604,100,372,53
17:29:16.704,100,372,53
17:29:16.805,100,372,53
17:29:16.905,100,372,53
17:29:17.005,100,372,53
17:29:17.106,100,372,53
17:29:17.206,100,372,53
17:29:17.306,100,372,53
17:29:17.407,100,372,53
17:29:17.507,100,372,53
17:29:17.607,100,372,53
17:29:17.707,100,372,53
17:29:17.808,100,372,53
17:29:17.908,100,372,53
17:29:18.008,100,372,53
17:29:18.109,100,372,53
17:29:18.209,100,372,53
17:29:18.309,100,372,53
17:29:18.410,100,372,53
17:29:18.510,100,372,54
17:29:18.610,100,372,53
17:29:18.710,100,372,52
17:29:18.811,100,372,53
17:29:18.911,100,372,53
17:29:19.011,100,372,53
17:29:19.112,100,372,52
17:29:19.212,100,372,53
17:29:19.312,100,372,53
17:29:19.413,100,372,53
17:29:19.513,100,372,53
17:29:19.613,100,372,53
17:29:19.714,100,372,53
17:29:19.814,100,372,52
17:29:19.914,100,372,52
17:29:20.014,100,372,52
17:29:20.115,100,372,52
17:29:20.215,100,372,52
17:29:20.315,100,372,52
17:29:20.416,100,372,52
17:29:20.516,100,372,52
17:29:20.616,100,372,52
17:29:20.717,100,372,52
17:29:20.817,100,372,52
17:29:20.917,100,372,53
17:29:21.018,100,372,53
17:29:21.118,100,372,53
17:29:21.218,100,372,53
17:29:21.318,100,372,53
17:29:21.419,100,372,53
17:29:21.519,100,372,52
17:29:21.619,100,372,52
17:29:21.720,100,372,52
17:29:21.820,97,372,53
17:29:21.920,97,372,53
17:29:22.021,100,372,53
17:29:22.121,100,372,53
17:29:22.221,100,372,53
17:29:22.322,100,372,53
17:29:22.422,100,372,53
17:29:22.522,100,372,54
17:29:22.623,100,372,53
17:29:22.723,100,372,53
17:29:22.823,100,372,53
17:29:22.924,100,372,53
17:29:23.024,100,372,53
17:29:23.124,100,372,53
17:29:23.225,100,372,53
17:29:23.325,100,372,53
17:29:23.425,100,372,52
17:29:23.526,100,372,52
17:29:23.626,100,372,52
17:29:23.726,100,372,52
17:29:23.827,90,372,52
17:29:23.927,90,372,52
17:29:24.027,99,372,52
17:29:24.128,100,372,52
17:29:24.228,100,372,52
17:29:24.328,92,372,52
17:29:24.429,92,372,52
17:29:24.529,100,372,52
17:29:24.629,79,372,53
17:29:24.730,79,372,53
17:29:24.830,100,372,53
17:29:24.930,100,372,53
17:29:25.031,100,372,53
17:29:25.131,100,372,53
17:29:25.231,100,372,53
17:29:25.332,90,372,53
17:29:25.432,90,372,53
17:29:25.533,91,372,53
17:29:25.633,100,372,53
17:29:25.733,100,372,53
17:29:25.834,95,372,53
17:29:25.934,95,372,53
17:29:26.034,100,372,52
17:29:26.135,95,372,53
17:29:26.235,95,372,53
17:29:26.335,100,372,53
17:29:26.436,100,372,52
17:29:26.536,97,372,52
17:29:26.636,100,372,52
17:29:26.736,100,372,52
17:29:26.837,96,372,52
17:29:26.937,96,372,52
17:29:27.037,93,372,52
17:29:27.138,100,372,52
17:29:27.238,100,372,53
17:29:27.339,94,372,53
17:29:27.439,94,372,52
17:29:27.539,100,372,53
17:29:27.639,97,372,53
17:29:27.740,97,372,53
17:29:27.840,100,372,53
17:29:27.940,100,372,53
17:29:28.041,100,372,53
17:29:28.141,100,372,53
17:29:28.241,100,372,53
17:29:28.342,100,372,53
17:29:28.442,100,372,53
17:29:28.542,100,372,53
17:29:28.643,100,372,53
17:29:28.743,100,372,53
17:29:28.843,100,372,53
17:29:28.943,100,372,53
17:29:29.044,100,372,54
17:29:29.144,100,372,54
17:29:29.244,100,372,53
17:29:29.345,100,372,53
17:29:29.445,100,372,53
17:29:29.545,100,372,53
17:29:29.646,100,372,53
17:29:29.746,100,372,53
17:29:29.846,100,372,53
17:29:29.946,100,372,53
17:29:30.047,100,372,53
17:29:30.147,100,372,53
17:29:30.247,100,372,53
17:29:30.348,100,372,53
17:29:30.448,100,372,54
17:29:30.548,100,372,53
17:29:30.649,100,372,53
17:29:30.749,100,372,53
17:29:30.849,100,372,53
17:29:30.949,100,372,53
17:29:31.050,100,372,52
17:29:31.150,100,372,52
17:29:31.250,100,372,52
17:29:31.351,100,372,52
17:29:31.451,100,372,52
17:29:31.551,100,372,52
17:29:31.652,100,372,52
17:29:31.752,100,372,52
17:29:31.852,100,372,52
17:29:31.954,100,372,53
17:29:32.054,100,372,53
17:29:32.154,100,372,53
17:29:32.255,100,372,52
17:29:32.355,100,372,52
17:29:32.455,100,372,52
17:29:32.556,90,372,52
17:29:32.656,100,372,52
17:29:32.756,100,372,53
17:29:32.857,98,372,53
17:29:32.957,98,372,53
17:29:33.057,100,372,53
17:29:33.158,88,372,53
17:29:33.258,88,372,53
17:29:33.358,100,372,52
17:29:33.459,100,372,53
17:29:33.559,89,372,53
17:29:33.659,100,372,53
17:29:33.760,100,372,53
17:29:33.860,95,372,53
17:29:33.960,95,372,53
17:29:34.061,100,372,53
17:29:34.161,88,372,53
17:29:34.261,88,372,53
17:29:34.362,100,372,53
17:29:34.462,100,372,53
17:29:34.562,92,372,53
17:29:34.663,96,372,53
17:29:34.763,96,372,52
17:29:34.863,84,372,52
17:29:34.964,84,372,52
17:29:35.064,94,372,52
17:29:35.164,100,372,53
17:29:35.265,100,372,53
17:29:35.365,98,372,53
17:29:35.465,98,372,53
17:29:35.566,100,372,53
17:29:35.666,100,372,53
17:29:35.766,100,372,54
17:29:35.867,100,372,54
17:29:35.967,100,372,54
17:29:36.067,100,372,53
17:29:36.168,100,372,54
17:29:36.268,100,372,53
17:29:36.368,100,372,53
17:29:36.468,100,372,54
17:29:36.569,100,372,54
17:29:36.669,100,372,53
17:29:36.769,100,372,53
17:29:36.870,100,372,53
17:29:36.970,100,372,52
17:29:37.070,100,372,53
17:29:37.171,100,372,53
17:29:37.271,100,372,53
17:29:37.371,100,372,53
17:29:37.471,100,372,53
17:29:37.572,100,372,53
17:29:37.672,100,372,53
17:29:37.772,100,372,53
17:29:37.873,100,372,53
17:29:37.973,100,372,53
17:29:38.073,100,372,53
17:29:38.174,100,372,53
17:29:38.274,100,372,53
17:29:38.374,100,372,53
17:29:38.474,100,372,54
17:29:38.575,100,372,53
17:29:38.675,100,372,53
17:29:38.775,100,372,53
17:29:38.876,100,372,52
17:29:38.976,100,372,53
17:29:39.076,91,372,53
17:29:39.177,100,372,53
17:29:39.277,100,372,53
17:29:39.377,89,372,53
17:29:39.478,89,372,53
17:29:39.578,90,372,54
17:29:39.678,100,372,54
17:29:39.779,100,372,53
17:29:39.879,96,372,53
17:29:39.980,96,372,53
17:29:40.080,100,372,53
17:29:40.180,88,372,52
17:29:40.281,88,372,52
17:29:40.381,100,372,52
17:29:40.481,100,372,52
17:29:40.582,88,372,52
17:29:40.682,90,372,52
17:29:40.782,90,372,53
17:29:40.883,100,372,53
17:29:40.983,100,372,53
17:29:41.084,91,372,54
17:29:41.184,100,372,54
17:29:41.284,100,372,53
17:29:41.385,94,372,53
17:29:41.485,94,372,53
17:29:41.585,100,372,53
17:29:41.685,93,372,53
17:29:41.786,93,372,53
17:29:41.886,100,372,53
17:29:41.986,100,372,53
17:29:42.087,100,372,53
17:29:42.187,90,372,53
17:29:42.287,90,372,52
17:29:42.388,100,372,52
17:29:42.488,100,372,53
17:29:42.588,92,372,53
17:29:42.689,98,372,53
17:29:42.789,98,372,53
17:29:42.889,100,372,53
17:29:42.990,100,372,53
17:29:43.090,100,372,53
17:29:43.190,100,372,53
17:29:43.291,100,372,53
17:29:43.391,100,372,53
17:29:43.491,100,372,53
17:29:43.592,100,372,54
17:29:43.692,100,372,54
17:29:43.792,100,372,53
17:29:43.893,100,372,53
17:29:43.993,100,372,53
17:29:44.093,100,372,53
17:29:44.194,100,372,53
17:29:44.294,100,372,54
17:29:44.394,100,372,54
17:29:44.494,100,372,54
17:29:44.595,100,372,54
17:29:44.695,100,372,54
17:29:44.795,100,372,53
17:29:44.896,100,372,53
17:29:44.996,100,372,53
17:29:45.096,100,372,52
17:29:45.197,95,372,53
17:29:45.297,95,372,53
17:29:45.397,100,372,53
17:29:45.498,98,372,53
17:29:45.598,98,372,53
17:29:45.699,91,372,52
17:29:45.799,91,372,52
17:29:45.899,99,372,52
17:29:45.000,89,372,53
17:29:46.100,89,372,53
17:29:46.200,100,372,53
17:29:46.301,100,372,53
17:29:46.401,91,372,53
17:29:46.501,100,372,53
17:29:46.602,100,372,53
17:29:46.702,96,372,53
17:29:46.802,96,372,52
17:29:46.903,93,372,53
17:29:47.003,100,372,53
17:29:47.103,100,372,53
17:29:47.204,94,372,53
17:29:47.304,94,372,53
17:29:47.404,100,372,53
17:29:47.505,96,372,53
17:29:47.605,96,372,53
17:29:47.706,95,372,53
17:29:47.806,95,372,53
17:29:47.906,100,372,52
17:29:48.007,96,372,53
17:29:48.107,96,372,52
17:29:48.207,100,372,53
17:29:48.308,100,372,53
17:29:48.408,92,372,53
17:29:48.508,98,372,52
17:29:48.609,98,372,53
17:29:48.709,92,372,53
17:29:48.810,92,372,53
17:29:48.910,96,372,53
17:29:49.010,100,372,53
17:29:49.110,100,372,52
17:29:49.211,94,372,53
17:29:49.311,94,372,53
17:29:49.412,100,372,53
17:29:49.512,100,372,53
17:29:49.612,100,372,53
17:29:49.713,93,372,53
17:29:49.813,93,372,52
17:29:49.913,99,372,53
17:29:50.014,94,372,53
17:29:50.114,94,372,53
17:29:50.214,92,372,53
17:29:50.315,92,372,54
17:29:50.415,100,372,53
17:29:50.516,100,372,53
17:29:50.616,100,372,53
17:29:50.716,89,372,53
17:29:50.817,89,372,54
17:29:50.917,100,372,53
17:29:51.017,92,372,53
17:29:51.118,92,372,53
17:29:51.218,89,372,53
17:29:51.318,89,372,52
17:29:51.419,100,372,52
17:29:51.519,95,372,52
17:29:51.619,95,372,52
17:29:51.720,100,372,53
17:29:51.820,100,372,52
17:29:51.920,90,372,52
17:29:52.021,100,372,53
17:29:52.121,100,372,53
17:29:52.221,100,372,53
17:29:52.322,100,372,53
17:29:52.422,95,372,53
17:29:52.522,100,372,53
17:29:52.623,100,372,53
17:29:52.723,83,372,53
17:29:52.823,83,372,53
17:29:52.924,100,372,53
17:29:53.024,100,372,53
17:29:53.124,100,372,53
17:29:53.225,89,372,53
17:29:53.325,89,372,53
17:29:53.425,100,372,52
17:29:53.526,95,372,53
17:29:53.626,95,372,53
17:29:53.726,100,372,53
17:29:53.827,100,372,53
17:29:53.927,91,372,53
17:29:54.027,97,372,53
17:29:54.128,97,372,53
17:29:54.228,100,372,53
17:29:54.328,100,372,53
17:29:54.429,90,372,54
17:29:54.529,95,372,53
17:29:54.629,95,372,53
17:29:54.730,100,372,53
17:29:54.830,100,372,53
17:29:54.930,97,372,52
17:29:55.031,100,372,52
17:29:55.131,100,372,52
17:29:55.232,77,372,52
17:29:55.332,77,372,52
17:29:55.433,74,372,52
17:29:55.533,73,372,52
17:29:55.633,73,372,52
17:29:55.734,97,372,52
17:29:55.834,97,372,53
17:29:55.934,75,372,53
17:29:56.035,90,372,52
17:29:56.135,90,372,53
17:29:56.236,77,372,53
17:29:56.336,77,372,53
17:29:56.437,85,372,52
17:29:56.537,79,372,53
17:29:56.637,79,372,53
17:29:56.738,84,372,52
17:29:56.838,84,372,53
17:29:56.938,81,372,53
17:29:57.039,64,372,52
17:29:57.139,64,372,52
17:29:57.239,83,372,53
17:29:57.340,83,352,52
17:29:57.440,46,352,52
17:29:57.541,86,352,52
17:29:57.641,86,352,51
17:29:57.742,25,352,51
17:29:57.842,25,352,52
17:29:57.942,88,352,52
17:29:58.043,29,352,52
17:29:58.143,29,352,53
17:29:58.244,90,352,52
17:29:58.344,90,352,52
17:29:58.445,24,352,52
17:29:58.545,92,352,52
17:29:58.645,92,352,52
17:29:58.746,24,352,52
17:29:58.846,24,352,53
17:29:58.947,94,352,52
17:29:59.047,15,352,52
17:29:59.147,15,352,52
17:29:59.248,96,352,53
17:29:59.348,96,352,52
17:29:59.449,38,352,51
17:29:59.549,99,352,52
17:29:59.650,99,352,51
17:29:59.750,36,352,51
17:29:59.850,36,352,51
17:29:59.951,100,352,52
17:30:00.051,51,352,52
17:30:00.151,51,352,52
17:30:00.252,100,352,53
17:30:00.352,100,352,52
17:30:00.453,56,352,52
17:30:00.553,100,352,53
17:30:00.653,100,352,52
17:30:00.754,49,352,52
17:30:00.854,49,352,53
17:30:00.955,100,352,52
17:30:01.055,58,352,52
17:30:01.155,58,352,52
17:30:01.256,100,352,52
17:30:01.356,100,352,52
17:30:01.457,47,352,51
17:30:01.557,1,352,51
17:30:01.658,1,352,51
17:30:01.758,0,380,51
17:30:01.859,0,380,52
17:30:01.959,97,380,52
17:30:02.059,52,380,52
17:30:02.160,52,380,51
17:30:02.260,100,380,52
17:30:02.361,100,380,52
17:30:02.461,68,380,51
17:30:02.561,100,380,52
17:30:02.662,100,380,52
17:30:02.762,62,380,52
17:30:02.863,62,380,52
17:30:02.963,100,380,52
17:30:03.063,99,380,52
17:30:03.163,99,380,53
17:30:03.264,92,380,53
17:30:03.364,92,380,53
17:30:03.464,100,380,52
17:30:03.565,96,380,53
17:30:03.665,96,380,53
17:30:03.765,100,380,53
17:30:03.866,100,380,53
17:30:03.966,91,380,53
17:30:04.067,100,380,53
17:30:04.167,100,380,53
17:30:04.267,94,380,53
17:30:04.368,94,380,53
17:30:04.468,100,380,53
17:30:04.568,89,380,52
17:30:04.669,89,380,52
17:30:04.769,100,380,52
17:30:04.869,100,380,52
17:30:04.970,92,380,53
17:30:05.070,92,380,53
17:30:05.170,92,380,53
17:30:05.271,100,380,53
17:30:05.371,100,380,52
17:30:05.471,76,380,52
17:30:05.572,100,380,52
17:30:05.672,100,380,52
17:30:05.772,87,380,53
17:30:05.873,87,380,53
17:30:05.973,100,380,53
17:30:06.073,100,380,53
17:30:06.174,100,380,53
17:30:06.274,96,380,53
17:30:06.374,96,380,53
17:30:06.475,100,380,52
17:30:06.575,92,380,52
17:30:06.675,92,380,52
17:30:06.776,100,380,52
17:30:06.876,100,380,52
17:30:06.976,88,380,52
17:30:07.077,100,380,52
17:30:07.177,100,380,52
17:30:07.277,93,380,52
17:30:07.378,93,380,52
17:30:07.478,100,380,52
17:30:07.578,91,380,53
17:30:07.679,91,380,53
17:30:07.779,100,380,53
17:30:07.879,89,380,53
17:30:07.980,89,380,53
17:30:08.080,100,380,53
17:30:08.181,100,380,53
17:30:08.281,91,380,53
17:30:08.381,100,380,53
17:30:08.482,100,380,53
17:30:08.582,96,380,53
17:30:08.682,96,380,53
17:30:08.783,100,380,52
17:30:08.883,91,380,53
17:30:08.983,91,380,53
17:30:09.084,100,380,53
17:30:09.184,100,380,52
17:30:09.284,90,380,52
17:30:09.385,100,380,52
17:30:09.485,100,380,52
17:30:09.585,93,380,52
17:30:09.686,93,380,53
17:30:09.786,100,380,53
17:30:09.886,96,380,53
17:30:09.987,96,380,53
17:30:10.087,100,380,53
17:30:10.188,100,380,53
17:30:10.288,92,380,53
17:30:10.388,94,380,53
17:30:10.489,94,380,53
17:30:10.589,100,380,53
17:30:10.689,100,380,53
17:30:10.790,100,380,53
17:30:10.890,97,380,53
17:30:10.990,97,380,53
17:30:11.091,100,380,53
17:30:11.191,100,380,52
17:30:11.291,92,380,52
17:30:11.392,100,380,52
17:30:11.492,100,380,52
17:30:11.592,100,380,52
17:30:11.693,100,380,52
17:30:11.793,94,380,52
17:30:11.893,100,380,52
17:30:11.994,100,380,53
17:30:12.094,95,380,53
17:30:12.194,95,380,53
17:30:12.295,100,380,53
17:30:12.395,97,380,52
17:30:12.496,97,380,53
17:30:12.596,100,380,53
17:30:12.696,100,380,53
17:30:12.797,100,380,53
17:30:12.897,96,380,53
17:30:12.997,96,380,53
17:30:13.098,96,380,53
17:30:13.198,96,380,53
17:30:13.298,100,380,53
17:30:13.399,96,380,53
17:30:13.499,96,380,53
17:30:13.599,100,380,53
17:30:13.700,100,380,53
17:30:13.800,98,380,53
17:30:13.900,100,380,53
17:30:14.001,100,380,52
17:30:14.101,92,380,52
17:30:14.201,92,380,52
17:30:14.302,100,380,52
17:30:14.402,90,380,53
17:30:14.502,90,380,53
17:30:14.603,100,380,53
17:30:14.703,100,380,53
17:30:14.803,96,380,53
17:30:14.904,98,380,53
17:30:15.004,98,380,53
17:30:15.104,100,380,52
17:30:15.205,100,380,53
17:30:15.305,89,380,53
17:30:15.406,100,380,53
17:30:15.506,100,380,53
17:30:15.606,89,380,54
17:30:15.707,89,380,53
17:30:15.807,89,380,53
17:30:15.907,100,380,53
17:30:16.008,100,380,52
17:30:16.108,89,380,52
17:30:16.208,89,380,52
17:30:16.309,100,380,52
17:30:16.409,89,380,52
17:30:16.509,89,380,52
17:30:16.610,100,380,52
17:30:16.710,100,380,53
17:30:16.810,100,380,52
17:30:16.911,89,380,53
17:30:17.011,89,380,53
17:30:17.111,100,380,52
17:30:17.212,100,380,52
17:30:17.312,90,380,53
17:30:17.412,100,380,53
17:30:17.513,100,380,53
17:30:17.613,100,380,53
17:30:17.713,100,380,53
17:30:17.814,90,380,53
17:30:17.914,100,380,53
17:30:18.014,100,380,53
17:30:18.115,100,380,53
17:30:18.215,100,380,53
17:30:18.315,98,380,53
17:30:18.416,100,380,53
17:30:18.516,100,380,53
17:30:18.616,96,380,53
17:30:18.717,96,380,53
17:30:18.817,100,380,53
17:30:18.917,91,380,53
17:30:19.018,91,380,53
17:30:19.118,100,380,53
17:30:19.218,100,380,52
17:30:19.319,93,380,52
17:30:19.419,100,380,52
17:30:19.519,100,380,53
17:30:19.620,94,380,53
17:30:19.720,94,380,53
17:30:19.820,100,380,53
17:30:19.921,93,380,53
17:30:20.021,93,380,53
17:30:20.121,100,380,53
17:30:20.222,100,380,53
17:30:20.322,92,380,53
17:30:20.422,100,380,53
17:30:20.523,100,380,53
17:30:20.623,100,380,52
17:30:20.723,100,380,53
17:30:20.824,90,380,53
17:30:20.924,100,380,54
17:30:21.024,100,380,53
17:30:21.125,96,380,53
17:30:21.225,96,380,53
17:30:21.325,100,380,53
17:30:21.426,93,380,52
17:30:21.526,93,380,52
17:30:21.626,100,380,52
17:30:21.727,100,380,52
17:30:21.827,95,380,52
17:30:21.927,100,380,52
17:30:22.028,100,380,52
17:30:22.128,98,380,53
17:30:22.228,98,380,53
17:30:22.329,100,380,53
17:30:22.429,100,380,53
17:30:22.529,100,380,53
17:30:22.630,94,380,53
17:30:22.730,94,380,53
17:30:22.830,100,380,53
17:30:22.931,90,380,53
17:30:23.031,90,380,53
17:30:23.131,100,380,53
17:30:23.232,100,380,53
17:30:23.332,93,380,53
17:30:23.432,100,380,53
17:30:23.533,100,380,52
17:30:23.633,85,380,53
17:30:23.733,85,380,53
17:30:23.834,100,380,53
17:30:23.934,100,380,53
17:30:24.034,100,380,52
17:30:24.135,96,380,52
17:30:24.235,96,380,52
17:30:24.335,100,380,52
17:30:24.436,97,380,52
17:30:24.536,97,380,52
17:30:24.636,100,380,52
17:30:24.737,100,380,52
17:30:24.837,100,380,53
17:30:24.937,100,380,53
17:30:25.038,100,380,53
17:30:25.138,100,380,53
17:30:25.238,100,380,53
17:30:25.339,100,380,53
17:30:25.439,100,380,53
17:30:25.539,100,380,53
17:30:25.639,100,380,53
17:30:25.740,100,380,53
17:30:25.840,100,380,54
17:30:25.940,100,380,54
17:30:26.041,100,380,54
17:30:26.141,100,380,53
17:30:26.241,100,380,53
17:30:26.342,97,380,53
17:30:26.442,100,380,53
17:30:26.542,100,380,53
17:30:26.643,100,380,52
17:30:26.743,100,380,52
17:30:26.843,91,380,52
17:30:26.944,100,380,52
17:30:27.044,100,380,52
17:30:27.144,91,380,52
17:30:27.245,91,380,52
17:30:27.345,100,380,52
17:30:27.445,100,380,52
17:30:27.545,100,380,52
17:30:27.646,96,380,52
17:30:27.746,96,380,53
17:30:27.846,95,380,53
17:30:27.947,100,380,53
17:30:28.047,100,380,53
17:30:28.148,100,380,53
17:30:28.248,100,380,53
17:30:28.348,97,380,53
17:30:28.448,100,380,53
17:30:28.549,100,380,52
17:30:28.649,92,380,53
17:30:28.749,92,380,53
17:30:28.850,100,380,52
17:30:28.950,100,380,52
17:30:29.050,100,380,53
17:30:29.151,89,380,53
17:30:29.251,89,380,53
17:30:29.351,100,380,53
17:30:29.452,100,380,52
17:30:29.552,100,380,52
17:30:29.652,90,380,53
17:30:29.753,90,380,53
17:30:29.853,100,380,52
17:30:29.953,100,380,52
17:30:30.054,100,380,52
17:30:30.154,98,380,52
17:30:30.254,98,380,52
17:30:30.355,99,380,52
17:30:30.455,100,380,52
17:30:30.555,100,380,53
17:30:30.656,88,380,53
17:30:30.756,88,380,53
17:30:30.856,100,380,53
17:30:30.957,89,380,53
17:30:31.057,89,380,53
17:30:31.157,100,380,53
17:30:31.257,100,380,53
17:30:31.358,100,380,52
17:30:31.458,93,380,53
17:30:31.559,93,380,53
17:30:31.659,100,380,53
17:30:31.759,100,380,53
17:30:31.860,96,380,53
17:30:31.960,100,380,53
17:30:32.060,100,380,53
17:30:32.161,93,380,53
17:30:32.261,93,380,53
17:30:32.361,100,380,53
17:30:32.462,100,380,52
17:30:32.562,100,380,53
17:30:32.662,92,380,53
17:30:32.763,92,380,53
17:30:32.863,100,380,53
17:30:32.963,99,380,52
17:30:33.064,99,380,52
17:30:33.164,92,380,52
17:30:33.264,92,380,52
17:30:33.365,100,380,52
17:30:33.465,95,380,52
17:30:33.566,95,380,52
17:30:33.666,100,380,52
17:30:33.766,100,380,52
17:30:33.867,100,380,52
17:30:33.967,89,380,52
17:30:34.067,89,380,53
17:30:34.168,100,380,53
17:30:34.268,100,380,53
17:30:34.368,100,380,53
17:30:34.468,94,380,52
17:30:34.569,94,380,53
17:30:34.669,100,380,53
17:30:34.769,100,380,53
17:30:34.870,100,380,52
17:30:34.970,95,380,53
17:30:35.070,95,380,53
17:30:35.171,100,380,53
17:30:35.271,100,380,53
17:30:35.371,100,380,52
17:30:35.472,89,380,53
17:30:35.572,89,380,53
17:30:35.672,100,380,52
17:30:35.773,100,380,53
17:30:35.873,97,380,53
17:30:35.973,100,380,53
17:30:36.074,100,380,53
17:30:36.174,100,380,52
17:30:36.274,100,380,52
17:30:36.375,89,380,52
17:30:36.475,100,380,52
17:30:36.575,100,380,52
17:30:36.676,100,380,52
17:30:36.776,100,380,52
17:30:36.876,100,380,52
17:30:36.977,94,380,52
17:30:37.077,94,380,52
17:30:37.177,100,380,53
17:30:37.278,100,380,53
17:30:37.378,100,380,53
17:30:37.478,100,380,52
17:30:37.579,100,380,52
17:30:37.679,94,380,53
17:30:37.779,94,380,53
17:30:37.880,100,380,53
17:30:37.980,97,380,52
17:30:38.080,97,380,53
17:30:38.181,99,380,53
17:30:38.281,100,380,53
17:30:38.382,100,380,52
17:30:38.482,93,380,53
17:30:38.582,93,380,53
17:30:38.683,100,380,53
17:30:38.783,100,380,53
17:30:38.883,100,380,53
17:30:38.984,81,380,53
17:30:39.084,81,380,53
17:30:39.184,93,380,53
17:30:39.285,100,380,53
17:30:39.385,100,380,53
17:30:39.485,92,380,52
17:30:39.586,92,380,52
17:30:39.686,100,380,52
17:30:39.786,100,380,52
17:30:39.887,100,380,52
17:30:39.987,93,380,53
17:30:40.087,93,380,53
17:30:40.188,100,380,53
17:30:40.288,97,380,53
17:30:40.388,97,380,53
17:30:40.489,100,380,53
17:30:40.589,100,380,53
17:30:40.689,100,380,53
17:30:40.790,89,380,52
17:30:40.890,89,380,53
17:30:40.990,100,380,53
17:30:41.091,100,380,52
17:30:41.191,100,380,52
17:30:41.291,89,380,52
17:30:41.392,89,380,53
17:30:41.492,100,380,53
17:30:41.592,100,380,53
17:30:41.692,100,380,53
17:30:41.793,95,380,53
17:30:41.893,95,380,53
17:30:41.993,100,380,53
17:30:42.094,100,380,52
17:30:42.194,100,380,52
17:30:42.294,93,380,52
17:30:42.395,93,380,52
17:30:42.495,100,380,52
17:30:42.595,100,380,52
17:30:42.696,100,380,52
17:30:42.796,94,380,53
17:30:42.896,94,380,53
17:30:42.997,100,380,53
17:30:43.097,100,380,53
17:30:43.197,100,380,53
17:30:43.298,95,380,53
17:30:43.398,95,380,53
17:30:43.498,100,380,53
17:30:43.599,100,380,53
17:30:43.699,100,380,53
17:30:43.799,100,380,53
17:30:43.900,100,380,53
17:30:43.000,95,380,53
17:30:44.101,95,380,53
17:30:44.201,100,380,53
17:30:44.301,95,380,53
17:30:44.402,95,380,53
17:30:44.502,100,380,53
17:30:44.602,100,380,53
17:30:44.702,100,380,53
17:30:44.803,97,380,53
17:30:44.903,97,380,53
17:30:45.003,100,380,53
17:30:45.104,100,380,52
17:30:45.204,96,380,52
17:30:45.304,100,380,52
17:30:45.405,100,380,52
17:30:45.505,90,380,52
17:30:45.605,90,380,52
17:30:45.706,100,380,52
17:30:45.806,92,380,52
17:30:45.906,92,380,52
17:30:46.007,88,380,52
17:30:46.107,88,380,52
17:30:46.207,100,380,53
17:30:46.308,96,380,54
17:30:46.408,96,380,54
17:30:46.508,100,380,53
17:30:46.609,100,380,53
17:30:46.709,100,380,53
17:30:46.809,100,380,53
17:30:46.910,100,380,53
17:30:47.010,100,380,53
17:30:47.110,100,380,53
17:30:47.211,100,380,54
17:30:47.311,100,380,53
17:30:47.411,100,380,53
17:30:47.512,100,380,53
17:30:47.612,100,380,53
17:30:47.712,100,380,54
17:30:47.813,100,380,54
17:30:47.913,100,380,54
17:30:48.013,100,380,53
17:30:48.113,100,380,54
17:30:48.214,100,380,54
17:30:48.314,100,380,54
17:30:48.414,100,380,53
17:30:48.515,100,380,53
17:30:48.615,100,380,54
17:30:48.715,100,380,53
17:30:48.816,100,380,53
17:30:48.916,100,380,53
17:30:49.016,100,380,53
17:30:49.117,100,380,53
17:30:49.217,100,380,54
17:30:49.317,100,380,54
17:30:49.418,100,380,54
17:30:49.518,100,380,54
17:30:49.618,100,380,53
17:30:49.718,100,380,53
17:30:49.819,100,380,53
17:30:49.919,100,380,53
17:30:50.019,100,380,52
17:30:50.120,100,380,52
17:30:50.220,100,380,53
17:30:50.320,100,380,53
17:30:50.421,100,380,52
17:30:50.521,100,380,53
17:30:50.621,100,380,53
17:30:50.722,100,380,53
17:30:50.822,100,380,53
17:30:50.922,100,380,53
17:30:51.023,100,380,53
17:30:51.123,100,380,53
17:30:51.223,100,380,53
17:30:51.323,100,380,52
17:30:51.424,100,380,53
17:30:51.524,100,380,53
17:30:51.625,100,380,53
17:30:51.725,100,380,52
17:30:51.825,97,380,53
17:30:51.926,97,380,53
17:30:52.026,100,380,52
17:30:52.126,100,380,53
17:30:52.227,90,380,53
17:30:52.327,100,380,53
17:30:52.427,100,380,52
17:30:52.528,88,380,53
17:30:52.628,88,380,53
17:30:52.728,100,380,54
17:30:52.829,93,380,53
17:30:52.929,93,380,53
17:30:53.029,100,380,53
17:30:53.130,100,380,53
17:30:53.230,97,380,53
17:30:53.331,100,380,52
17:30:53.431,100,380,53
17:30:53.531,100,380,52
17:30:53.632,100,380,52
17:30:53.732,89,380,52
17:30:53.832,100,380,53
17:30:53.932,100,380,53
17:30:54.033,96,380,53
17:30:54.133,96,380,53
17:30:54.233,100,380,53
17:30:54.334,96,380,53
17:30:54.434,96,380,53
17:30:54.534,100,380,53
17:30:54.635,100,380,53
17:30:54.735,94,380,53
17:30:54.835,100,380,53
17:30:54.936,100,380,53
17:30:55.036,98,380,53
17:30:55.136,98,380,53
17:30:55.237,100,380,53
17:30:55.337,95,380,53
17:30:55.437,95,380,53
17:30:55.538,89,380,53
17:30:55.638,89,380,53
17:30:55.738,100,380,52
17:30:55.839,94,380,52
17:30:55.939,94,380,52
17:30:56.039,100,380,52
17:30:56.140,100,380,53
17:30:56.240,89,380,53
17:30:56.340,100,380,53
17:30:56.441,100,380,53
17:30:56.541,96,380,53
17:30:56.641,96,380,53
17:30:56.742,100,380,53
17:30:56.842,91,380,52
17:30:56.942,91,380,53
17:30:57.043,100,380,53
17:30:57.143,100,380,53
17:30:57.243,89,380,53
17:30:57.344,100,380,53
17:30:57.444,100,380,53
17:30:57.544,92,380,53
17:30:57.645,92,380,53
17:30:57.745,96,380,53
17:30:57.846,100,380,52
17:30:57.946,100,380,53
17:30:58.046,98,380,53
17:30:58.147,98,380,54
17:30:58.247,100,380,53
17:30:58.347,100,380,54
17:30:58.448,100,380,54
17:30:58.548,100,380,53
17:30:58.648,100,380,54
17:30:58.749,100,380,54
17:30:58.849,100,380,54
17:30:58.949,100,380,54
17:30:59.050,100,380,54
17:30:59.150,100,380,53
17:30:59.250,100,380,53
17:30:59.351,100,380,53
17:30:59.451,100,380,53
17:30:59.551,100,380,53
17:30:59.651,100,380,53
17:30:59.752,100,380,53
17:30:59.852,100,380,53
17:30:59.953,100,380,53
17:31:00.053,100,380,54
17:31:00.153,100,380,54
17:31:00.253,100,380,54
17:31:00.354,100,380,54
17:31:00.454,100,380,54
17:31:00.554,100,380,54
17:31:00.655,100,380,54
17:31:00.755,100,380,54
17:31:00.855,100,380,53
17:31:00.956,100,380,53
17:31:01.056,100,380,54
17:31:01.156,100,380,54
17:31:01.256,100,380,53
17:31:01.357,100,380,53
17:31:01.457,100,380,53
17:31:01.557,100,380,53
17:31:01.658,100,380,53
17:31:01.758,100,380,53
17:31:01.858,100,380,53
17:31:01.959,100,380,53
17:31:02.059,100,380,53
17:31:02.159,100,380,53
17:31:02.260,90,380,53
17:31:02.360,100,380,53
17:31:02.460,100,380,53
17:31:02.561,91,380,53
17:31:02.661,91,380,54
17:31:02.761,100,380,53
17:31:02.862,89,380,53
17:31:02.962,89,380,53
17:31:03.062,92,380,53
17:31:03.163,92,380,52
17:31:03.263,100,380,52
17:31:03.363,95,380,53
17:31:03.464,95,380,53
17:31:03.564,100,380,53
17:31:03.664,100,380,53
17:31:03.765,94,380,53
17:31:03.865,100,380,53
17:31:03.966,100,380,53
17:31:04.066,97,380,53
17:31:04.166,97,380,53
17:31:04.267,100,380,53
17:31:04.367,94,380,53
17:31:04.467,94,380,53
17:31:04.568,94,380,53
17:31:04.668,94,380,53
17:31:04.768,95,380,53
17:31:04.869,96,380,53
17:31:04.969,96,380,53
17:31:05.069,100,380,53
17:31:05.170,100,380,53
17:31:05.270,92,380,53
17:31:05.370,100,380,53
17:31:05.471,100,380,52
17:31:05.571,89,380,53
17:31:05.671,89,380,53
17:31:05.772,100,380,53
17:31:05.872,92,380,53
17:31:05.972,92,380,53
17:31:06.073,92,380,53
17:31:06.173,92,380,54
17:31:06.273,97,380,54
17:31:06.374,96,380,53
17:31:06.474,96,380,54
17:31:06.574,100,380,53
17:31:06.675,100,380,53
17:31:06.775,91,380,53
17:31:06.875,100,380,52
17:31:06.976,100,380,53
17:31:07.076,89,380,53
17:31:07.176,89,380,53
17:31:07.277,96,380,53
17:31:07.377,100,380,53
17:31:07.477,100,380,53
17:31:07.578,98,380,53
17:31:07.678,98,380,53
17:31:07.778,100,380,53
17:31:07.880,100,380,53
17:31:07.980,100,380,53
17:31:08.081,100,380,53
17:31:08.181,100,380,53
17:31:08.282,100,380,53
17:31:08.382,100,380,53
17:31:08.482,100,380,53
17:31:08.582,100,380,53
17:31:08.683,100,380,54
17:31:08.783,100,380,53
17:31:08.883,100,380,54
17:31:08.984,100,380,54
17:31:09.084,100,380,53
17:31:09.184,100,380,53
17:31:09.285,100,380,53
17:31:09.385,100,380,53
17:31:09.485,100,380,53
17:31:09.586,100,380,54
17:31:09.686,100,380,54
17:31:09.786,100,380,53
17:31:09.886,100,380,53
17:31:09.987,100,380,53
17:31:10.087,100,380,53
17:31:10.187,100,380,53
17:31:10.288,100,380,53
17:31:10.388,97,380,53
17:31:10.489,97,380,53
17:31:10.589,92,380,53
17:31:10.689,100,380,53
17:31:10.790,100,380,53
17:31:10.890,92,380,52
17:31:10.990,92,380,52
17:31:11.091,88,380,53
17:31:11.191,100,380,53
17:31:11.291,100,380,53
17:31:11.392,93,380,53
17:31:11.492,93,380,53
17:31:11.592,100,380,53
17:31:11.693,94,380,53
17:31:11.793,94,380,53
17:31:11.893,91,380,53
17:31:11.994,91,380,53
17:31:12.094,100,380,53
17:31:12.194,96,380,53
17:31:12.295,96,380,53
17:31:12.395,100,380,53
17:31:12.495,100,380,53
17:31:12.596,89,380,53
17:31:12.696,100,380,53
17:31:12.796,100,380,53
17:31:12.897,92,380,53
17:31:12.997,92,380,53
17:31:13.098,99,380,53
17:31:13.198,97,380,53
17:31:13.298,97,380,53
17:31:13.399,100,380,54
17:31:13.499,100,380,54
17:31:13.599,100,380,54
17:31:13.700,100,380,54
17:31:13.800,100,380,54
17:31:13.900,100,380,54
17:31:14.000,100,380,54
17:31:14.101,100,380,53
17:31:14.201,100,380,53
17:31:14.301,100,380,53
17:31:14.402,100,380,53
17:31:14.502,100,380,53
17:31:14.602,96,380,53
17:31:14.703,100,380,53
17:31:14.803,100,380,53
17:31:14.903,100,380,53
17:31:15.004,100,380,54
17:31:15.104,100,380,53
17:31:15.204,100,380,53
17:31:15.305,100,380,53
17:31:15.405,100,380,53
17:31:15.505,100,380,53
17:31:15.606,92,380,54
17:31:15.708,89,380,53
17:31:15.808,89,380,53
17:31:15.908,100,380,53
17:31:16.009,100,380,53
17:31:16.109,100,380,53
17:31:16.209,98,380,53
17:31:16.310,98,380,53
17:31:16.410,100,380,53
17:31:16.510,100,380,53
17:31:16.611,100,380,53
17:31:16.711,100,380,53
17:31:16.811,100,380,53
17:31:16.911,100,380,53
17:31:17.012,100,380,53
17:31:17.112,90,380,54
17:31:17.213,100,380,54
17:31:17.313,100,380,54
17:31:17.413,90,380,54
17:31:17.514,90,380,53
17:31:17.614,89,380,53
17:31:17.714,100,380,53
17:31:17.815,100,380,53
17:31:17.915,92,380,53
17:31:18.016,92,380,53
17:31:18.116,97,380,53
17:31:18.216,100,380,53
17:31:18.317,100,380,53
17:31:18.417,96,380,53
17:31:18.517,96,380,53
17:31:18.618,96,380,53
17:31:18.718,97,380,53
17:31:18.818,97,380,54
17:31:18.918,100,380,53
17:31:19.019,100,380,53
17:31:19.119,61,380,53
17:31:19.220,100,380,53
17:31:19.320,100,380,52
17:31:19.420,34,380,53
17:31:19.521,34,380,53
17:31:19.621,100,380,52
17:31:19.722,46,380,52
17:31:19.822,46,380,52
17:31:19.922,100,380,52
17:31:20.023,100,380,52
17:31:20.123,61,380,52
17:31:20.223,100,380,52
17:31:20.324,100,380,52
17:31:20.424,57,380,53
17:31:20.524,57,380,53
17:31:20.625,100,380,52
17:31:20.725,63,380,53
17:31:20.826,63,380,54
17:31:20.926,100,380,53
17:31:21.027,100,380,53
17:31:21.127,63,380,53
17:31:21.227,100,380,53
17:31:21.327,100,380,52
17:31:21.428,60,380,53
17:31:21.528,60,380,53
17:31:21.629,100,380,52
17:31:21.729,56,380,52
17:31:21.829,56,380,53
17:31:21.930,95,380,52
17:31:22.030,95,380,53
17:31:22.131,46,380,53
17:31:22.231,87,380,52
17:31:22.331,87,380,52
17:31:22.432,48,380,52
17:31:22.532,48,380,52
17:31:22.633,63,380,52
17:31:22.733,50,380,52
17:31:22.834,50,380,52
17:31:22.934,58,380,52
17:31:23.035,58,380,53
17:31:23.135,52,380,53
17:31:23.236,59,380,52
17:31:23.336,59,380,52
17:31:23.436,55,380,53
17:31:23.537,55,380,52
17:31:23.640,50,380,52
17:31:23.740,57,380,53
17:31:23.841,57,380,52
17:31:23.941,58,380,52
17:31:24.042,58,380,52
17:31:24.142,59,380,53
17:31:24.242,68,380,52
17:31:24.343,68,380,52
17:31:24.443,61,380,52
17:31:24.543,61,380,51
17:31:24.644,77,380,52
17:31:24.744,63,380,52
17:31:24.844,63,380,52
17:31:24.945,79,380,52
17:31:25.045,79,380,52
17:31:25.146,66,380,52
17:31:25.246,83,380,52
17:31:25.347,83,380,53
17:31:25.447,68,380,53
17:31:25.547,68,380,52
17:31:25.648,79,380,52
17:31:25.748,70,380,53
17:31:25.848,70,380,53
17:31:25.949,84,380,52
17:31:26.049,84,380,52
17:31:26.149,72,380,52
17:31:26.250,91,380,52
17:31:26.350,91,380,52
17:31:26.451,1,380,51
17:31:26.551,1,380,52
17:31:26.652,0,410,51
17:31:26.752,56,410,52
17:31:26.853,56,410,52
17:31:26.953,98,410,52
17:31:27.053,98,410,52
17:31:27.154,61,410,52
17:31:27.254,92,410,52
17:31:27.355,92,410,52
17:31:27.455,64,410,52
17:31:27.556,64,410,52
17:31:27.656,93,410,52
17:31:27.756,66,410,53
17:31:27.857,66,410,53
17:31:27.957,100,410,52
17:31:28.058,100,410,53
17:31:28.158,93,410,53
17:31:28.258,100,410,53
17:31:28.359,100,410,53
17:31:28.459,92,410,53
17:31:28.559,92,410,53
17:31:28.660,100,410,53
17:31:28.760,95,410,53
17:31:28.861,95,410,53
17:31:28.961,100,410,53
17:31:29.061,100,410,53
17:31:29.162,98,410,53
17:31:29.262,100,410,53
17:31:29.362,100,410,53
17:31:29.463,96,410,53
17:31:29.563,96,410,53
17:31:29.663,100,410,53
17:31:29.764,91,410,53
17:31:29.864,91,410,53
17:31:29.965,99,410,52
17:31:30.065,82,410,53
17:31:30.165,82,410,53
17:31:30.266,71,410,52
17:31:30.366,71,410,53
17:31:30.466,84,410,53
17:31:30.567,100,410,52
17:31:30.667,100,410,53
17:31:30.767,93,410,53
17:31:30.868,93,410,53
17:31:30.968,100,410,53
17:31:31.068,89,410,53
17:31:31.169,89,410,53
17:31:31.269,100,410,53
17:31:31.369,100,410,52
17:31:31.470,92,410,53
17:31:31.570,100,410,52
17:31:31.670,100,410,52
17:31:31.771,100,410,52
17:31:31.871,100,410,52
17:31:31.971,88,410,52
17:31:32.072,100,410,52
17:31:32.172,100,410,52
17:31:32.272,89,410,52
17:31:32.373,89,410,52
17:31:32.473,100,410,52
17:31:32.573,97,410,53
17:31:32.674,97,410,53
17:31:32.774,100,410,53
17:31:32.875,100,410,53
17:31:32.975,94,410,53
17:31:33.075,94,410,53
17:31:33.176,94,410,53
17:31:33.276,100,410,53
17:31:33.376,100,410,53
17:31:33.477,96,410,53
17:31:33.577,100,410,53
17:31:33.677,100,410,53
17:31:33.778,100,410,53
17:31:33.878,100,410,53
17:31:33.978,97,410,53
17:31:34.079,100,410,53
17:31:34.179,100,406,53
17:31:34.279,94,406,53
17:31:34.380,94,406,52
17:31:34.480,100,406,53
17:31:34.580,98,406,53
17:31:34.681,98,406,53
17:31:34.781,96,406,53
17:31:34.881,96,406,53
17:31:34.982,96,406,53
17:31:35.082,90,406,53
17:31:35.182,90,406,53
17:31:35.283,100,406,53
17:31:35.383,100,406,53
17:31:35.483,97,406,53
17:31:35.584,100,406,53
17:31:35.684,100,406,53
17:31:35.784,91,406,53
17:31:35.885,91,406,54
17:31:35.985,100,406,53
17:31:36.085,100,406,53
17:31:36.186,100,406,53
17:31:36.286,97,406,52
17:31:36.386,97,406,52
17:31:36.487,100,406,52
17:31:36.587,98,406,52
17:31:36.687,98,406,53
17:31:36.788,100,406,52
17:31:36.888,100,406,53
17:31:36.988,90,406,53
17:31:37.089,100,406,53
17:31:37.189,100,406,53
17:31:37.289,100,406,53
17:31:37.390,100,406,53
17:31:37.490,95,406,53
17:31:37.590,100,406,53
17:31:37.691,100,406,53
17:31:37.791,89,406,53
17:31:37.891,89,406,53
17:31:37.992,100,406,53
17:31:38.092,93,406,53
17:31:38.193,93,406,54
17:31:38.293,100,406,53
17:31:38.393,100,406,53
17:31:38.494,91,406,53
17:31:38.594,100,406,53
17:31:38.694,100,406,53
17:31:38.795,92,406,53
17:31:38.895,92,406,53
17:31:38.995,100,406,53
17:31:39.096,89,406,52
17:31:39.196,89,406,52
17:31:39.296,100,406,52
17:31:39.397,100,406,53
17:31:39.497,91,406,53
17:31:39.597,100,406,53
17:31:39.698,100,406,53
17:31:39.798,90,406,53
17:31:39.898,90,406,53
17:31:39.999,100,406,53
17:31:40.099,96,406,53
17:31:40.199,96,406,53
17:31:40.300,93,406,53
17:31:40.400,93,406,53
17:31:40.500,97,406,54
17:31:40.601,100,406,54
17:31:40.701,100,406,53
17:31:40.801,92,406,54
17:31:40.902,92,406,54
17:31:41.002,100,406,53
17:31:41.102,95,406,53
17:31:41.203,95,406,52
17:31:41.303,100,406,53
17:31:41.403,100,402,52
17:31:41.504,89,402,53
17:31:41.604,100,402,52
17:31:41.704,100,402,52
17:31:41.805,98,402,53
17:31:41.905,98,402,53
17:31:42.005,100,402,53
17:31:42.106,100,402,53
17:31:42.206,100,402,54
17:31:42.306,100,402,54
17:31:42.407,100,402,53
17:31:42.507,100,402,53
17:31:42.607,91,402,53
17:31:42.708,91,402,53
17:31:42.808,100,402,53
17:31:42.908,100,402,53
17:31:43.009,100,402,53
17:31:43.109,98,402,53
17:31:43.209,98,402,53
17:31:43.310,100,402,53
17:31:43.410,100,402,53
17:31:43.510,94,402,53
17:31:43.610,98,402,53
17:31:43.711,98,402,53
17:31:43.812,91,402,53
17:31:43.912,91,402,53
17:31:44.012,100,402,53
17:31:44.113,91,402,53
17:31:44.213,91,402,53
17:31:44.313,100,402,53
17:31:44.414,100,402,53
17:31:44.514,91,402,53
17:31:44.614,100,402,53
17:31:44.715,100,402,53
17:31:44.815,97,402,53
17:31:44.915,97,402,53
17:31:45.016,100,402,53
17:31:45.116,84,402,53
17:31:45.217,84,402,53
17:31:45.317,100,402,53
17:31:45.417,100,402,53
17:31:45.517,100,402,53
17:31:45.618,97,402,54
17:31:45.718,97,402,54
17:31:45.818,100,402,54
17:31:45.919,100,402,54
17:31:46.019,100,402,53
17:31:46.120,96,402,53
17:31:46.220,96,402,53
17:31:46.320,100,402,53
17:31:46.420,100,402,53
17:31:46.521,96,402,52
17:31:46.621,91,402,52
17:31:46.721,91,402,53
17:31:46.822,100,402,53
17:31:46.922,100,402,53
17:31:47.022,100,402,53
17:31:47.123,90,402,53
17:31:47.223,90,402,53
17:31:47.323,100,402,53
17:31:47.424,100,402,53
17:31:47.524,96,402,53
17:31:47.624,100,402,53
17:31:47.725,100,402,52
17:31:47.825,92,402,53
17:31:47.925,92,402,53
17:31:48.026,100,402,53
17:31:48.126,100,402,53
17:31:48.226,100,402,53
17:31:48.327,97,402,53
17:31:48.427,97,402,53
17:31:48.527,100,402,53
17:31:48.628,92,402,53
17:31:48.728,92,402,53
17:31:48.828,100,402,53
17:31:48.929,100,402,53
17:31:49.029,92,402,52
17:31:49.130,100,402,53
17:31:49.230,100,402,53
17:31:49.330,100,402,53
17:31:49.431,100,402,52
17:31:49.531,91,402,52
17:31:49.631,100,402,52
17:31:49.732,100,398,52
17:31:49.832,92,398,53
17:31:49.932,92,398,53
17:31:50.033,100,398,53
17:31:50.133,94,398,53
17:31:50.233,94,398,53
17:31:50.334,100,398,53
17:31:50.434,100,398,53
17:31:50.534,96,398,53
17:31:50.635,97,398,53
17:31:50.735,97,398,53
17:31:50.835,100,398,53
17:31:50.936,100,398,53
17:31:51.036,90,398,54
17:31:51.136,100,398,54
17:31:51.237,100,398,54
17:31:51.337,93,398,53
17:31:51.437,93,398,53
17:31:51.538,98,398,53
17:31:51.638,100,398,53
17:31:51.738,100,398,53
17:31:51.839,100,398,53
17:31:51.939,100,398,52
17:31:52.039,89,398,53
17:31:52.140,100,398,53
17:31:52.240,100,398,52
17:31:52.341,98,398,52
17:31:52.441,98,398,52
17:31:52.541,100,398,52
17:31:52.642,100,398,52
17:31:52.742,100,398,52
17:31:52.842,93,398,53
17:31:52.943,93,398,53
17:31:53.043,100,398,53
17:31:53.143,100,398,53
17:31:53.244,100,398,52
17:31:53.344,92,398,54
17:31:53.444,92,398,53
17:31:53.545,100,398,53
17:31:53.645,94,398,53
17:31:53.745,94,398,53
17:31:53.846,100,398,53
17:31:53.946,100,398,53
17:31:54.046,100,398,52
17:31:54.147,91,398,53
17:31:54.247,91,398,53
17:31:54.347,100,398,53
17:31:54.448,100,398,53
17:31:54.548,100,398,52
17:31:54.648,96,398,52
17:31:54.749,96,398,53
17:31:54.849,100,398,53
17:31:54.949,100,398,53
17:31:55.050,100,398,53
17:31:55.150,100,398,53
17:31:55.250,100,398,52
17:31:55.351,96,398,52
17:31:55.451,96,398,52
17:31:55.551,100,398,52
17:31:55.652,100,398,52
17:31:55.752,100,398,53
17:31:55.852,88,398,53
17:31:55.953,88,398,53
17:31:56.053,100,398,53
17:31:56.153,91,398,53
17:31:56.254,91,398,53
17:31:56.354,100,398,53
17:31:56.454,100,398,54
17:31:56.555,100,398,53
17:31:56.655,96,398,53
17:31:56.755,96,398,53
17:31:56.856,100,398,53
17:31:56.956,100,398,54
17:31:57.057,94,398,53
17:31:57.157,100,398,53
17:31:57.257,100,398,54
17:31:57.358,92,398,54
17:31:57.458,92,398,54
17:31:57.558,100,398,54
17:31:57.659,94,398,53
17:31:57.759,94,398,53
17:31:57.859,100,398,53
17:31:57.960,100,398,53
17:31:58.060,100,398,53
17:31:58.160,96,398,53
17:31:58.261,96,398,52
17:31:58.361,100,398,53
17:31:58.461,100,398,52
17:31:58.562,100,398,52
17:31:58.662,92,398,53
17:31:58.762,92,398,52
17:31:58.863,100,398,53
17:31:58.963,100,398,53
17:31:59.063,100,398,53
17:31:59.164,96,398,53
17:31:59.264,96,398,53
17:31:59.365,100,398,53
17:31:59.465,100,398,53
17:31:59.565,100,394,52
17:31:59.666,87,394,53
17:31:59.766,87,394,54
17:31:59.866,100,394,53
17:31:59.966,100,394,53
17:32:00.067,100,394,52
17:32:00.167,89,394,53
17:32:00.267,89,394,53
17:32:00.368,100,394,53
17:32:00.468,100,394,53
17:32:00.568,100,394,53
17:32:00.669,91,394,53
17:32:00.769,91,394,53
17:32:00.869,100,394,53
17:32:00.970,90,394,53
17:32:01.070,90,394,53
17:32:01.170,100,394,53
17:32:01.271,100,394,53
17:32:01.371,100,394,53
17:32:01.471,89,394,52
17:32:01.572,89,394,53
17:32:01.672,100,394,52
17:32:01.773,100,394,52
17:32:01.873,100,394,52
17:32:01.973,100,394,52
17:32:02.073,100,394,52
17:32:02.174,94,394,53
17:32:02.274,94,394,53
17:32:02.374,100,394,53
17:32:02.475,100,394,53
17:32:02.575,100,394,53
17:32:02.675,100,394,53
17:32:02.776,100,394,53
17:32:02.876,96,394,53
17:32:02.976,100,394,54
17:32:03.077,100,394,53
17:32:03.177,95,394,53
17:32:03.277,95,394,53
17:32:03.378,100,394,53
17:32:03.478,100,394,53
17:32:03.578,100,394,53
17:32:03.679,95,394,54
17:32:03.779,95,394,54
17:32:03.879,100,394,54
17:32:03.980,97,394,54
17:32:04.080,97,394,54
17:32:04.181,100,394,54
17:32:04.281,100,394,53
17:32:04.381,91,394,53
17:32:04.482,92,394,53
17:32:04.582,92,394,53
17:32:04.682,100,394,52
17:32:04.783,100,394,52
17:32:04.883,92,394,53
17:32:04.983,100,394,53
17:32:05.084,100,394,53
17:32:05.184,93,394,53
17:32:05.284,93,394,53
17:32:05.385,100,394,52
17:32:05.485,93,394,53
17:32:05.585,93,394,54
17:32:05.686,100,394,54
17:32:05.786,100,394,53
17:32:05.886,100,394,53
17:32:05.987,98,394,53
17:32:06.087,98,394,53
17:32:06.187,100,394,53
17:32:06.287,100,394,53
17:32:06.388,100,394,53
17:32:06.488,97,394,53
17:32:06.588,97,394,53
17:32:06.689,100,394,53
17:32:06.789,100,394,53
17:32:06.890,100,394,52
17:32:06.990,88,394,53
17:32:07.090,88,394,53
17:32:07.190,100,394,53
17:32:07.291,100,394,52
17:32:07.391,93,394,52
17:32:07.491,100,394,52
17:32:07.592,100,394,52
17:32:07.692,100,394,52
17:32:07.793,100,394,52
17:32:07.893,93,394,53
17:32:07.993,100,394,53
17:32:08.093,100,394,53
17:32:08.194,100,394,53
17:32:08.294,100,394,53
17:32:08.394,100,394,53
17:32:08.495,91,394,53
17:32:08.595,91,394,53
17:32:08.695,100,394,53
17:32:08.796,100,394,53
17:32:08.896,100,394,53
17:32:08.996,94,390,53
17:32:09.097,94,390,53
17:32:09.197,100,390,53
17:32:09.297,100,390,53
17:32:09.398,100,390,53
17:32:09.498,93,390,53
17:32:09.599,93,390,54
17:32:09.699,100,390,54
17:32:09.799,100,390,53
17:32:09.900,100,390,53
17:32:09.000,97,390,53
17:32:10.100,97,390,53
17:32:10.200,100,390,53
17:32:10.301,100,390,53
17:32:10.401,91,390,52
17:32:10.501,100,390,52
17:32:10.602,100,390,53
17:32:10.702,92,390,52
17:32:10.802,92,390,52
17:32:10.903,100,390,52
17:32:11.003,94,390,52
17:32:11.103,94,390,52
17:32:11.204,97,390,53
17:32:11.304,97,390,53
17:32:11.405,100,390,53
17:32:11.505,91,390,53
17:32:11.605,91,390,53
17:32:11.706,100,390,53
17:32:11.806,100,390,53
17:32:11.906,94,390,53
17:32:12.007,92,390,53
17:32:12.107,92,390,53
17:32:12.207,96,390,54
17:32:12.308,96,390,53
17:32:12.408,100,390,53
17:32:12.508,93,390,52
17:32:12.609,93,390,53
17:32:12.709,100,390,53
17:32:12.809,100,390,53
17:32:12.910,100,390,53
17:32:13.010,91,390,52
17:32:13.110,91,390,52
17:32:13.211,100,390,52
17:32:13.311,100,390,52
17:32:13.411,100,390,52
17:32:13.512,89,390,53
17:32:13.612,89,390,53
17:32:13.713,100,390,53
17:32:13.813,100,390,53
17:32:13.913,99,390,53
17:32:14.013,89,390,53
17:32:14.114,89,390,53
17:32:14.214,100,390,53
17:32:14.315,100,390,53
17:32:14.415,95,390,53
17:32:14.515,100,390,53
17:32:14.616,100,390,53
17:32:14.716,100,390,53
17:32:14.816,100,390,53
17:32:14.917,93,390,53
17:32:15.017,100,390,53
17:32:15.117,100,390,53
17:32:15.218,100,390,53
17:32:15.318,100,390,53
17:32:15.418,91,390,53
17:32:15.519,100,390,53
17:32:15.619,100,390,53
17:32:15.719,97,390,53
17:32:15.820,97,390,53
17:32:15.920,100,390,53
17:32:16.020,99,390,52
17:32:16.121,99,390,52
17:32:16.221,92,390,52
17:32:16.321,92,390,52
17:32:16.422,100,390,52
17:32:16.522,90,390,53
17:32:16.622,90,390,53
17:32:16.723,100,390,54
17:32:16.823,100,390,53
17:32:16.923,95,390,53
17:32:17.024,100,390,53
17:32:17.124,100,390,53
17:32:17.224,91,390,53
17:32:17.325,91,386,53
17:32:17.425,95,386,53
17:32:17.525,100,386,52
17:32:17.626,100,386,53
17:32:17.726,97,386,53
17:32:17.826,97,386,53
17:32:17.927,100,386,52
17:32:18.027,89,386,53
17:32:18.127,89,386,53
17:32:18.228,94,386,53
17:32:18.328,94,386,52
17:32:18.428,95,386,52
17:32:18.529,100,386,53
17:32:18.629,100,386,52
17:32:18.729,95,386,53
17:32:18.830,95,386,53
17:32:18.930,100,386,53
17:32:19.030,97,386,53
17:32:19.131,97,386,53
17:32:19.231,100,386,53
17:32:19.331,100,386,53
17:32:19.432,92,386,53
17:32:19.532,100,386,54
17:32:19.632,100,386,53
17:32:19.733,96,386,54
17:32:19.833,96,386,54
17:32:19.933,100,386,54
17:32:20.034,93,386,53
17:32:20.134,93,386,53
17:32:20.234,100,386,53
17:32:20.335,100,386,53
17:32:20.435,89,386,53
17:32:20.535,100,386,52
17:32:20.636,100,386,53
17:32:20.736,100,386,52
17:32:20.837,100,386,52
17:32:20.937,90,386,53
17:32:21.037,100,386,52
17:32:21.137,100,386,53
17:32:21.238,96,386,53
17:32:21.338,96,386,53
17:32:21.438,100,386,53
17:32:21.539,97,386,53
17:32:21.639,97,386,53
17:32:21.739,100,386,53
17:32:21.840,100,386,53
17:32:21.940,97,386,53
17:32:22.040,100,386,53
17:32:22.141,100,386,53
17:32:22.241,92,386,53
17:32:22.341,92,386,53
17:32:22.442,100,386,53
17:32:22.542,89,386,53
17:32:22.643,89,386,53
17:32:22.743,100,386,53
17:32:22.843,100,386,53
17:32:22.944,92,386,53
17:32:23.044,95,386,53
17:32:23.144,95,386,53
17:32:23.245,100,386,53
17:32:23.345,100,386,53
17:32:23.445,98,386,53
17:32:23.546,100,386,53
17:32:23.646,100,386,53
17:32:23.746,100,386,53
17:32:23.847,100,386,53
17:32:23.947,100,386,54
17:32:24.047,100,386,54
17:32:24.148,100,386,54
17:32:24.248,100,386,54
17:32:24.348,100,386,54
17:32:24.449,100,386,53
17:32:24.549,100,386,53
17:32:24.649,100,386,53
17:32:24.750,100,386,53
17:32:24.850,100,386,53
17:32:24.950,100,386,54
17:32:25.050,100,386,54
17:32:25.151,100,386,54
17:32:25.251,100,386,54
17:32:25.351,100,386,54
17:32:25.452,100,386,54
17:32:25.552,100,386,53
17:32:25.652,100,386,53
17:32:25.753,100,386,54
17:32:25.853,100,386,54
17:32:25.953,100,386,54
17:32:26.053,100,386,54
17:32:26.154,100,386,54
17:32:26.254,100,386,53
17:32:26.354,100,386,54
17:32:26.455,100,386,54
17:32:26.555,100,386,54
17:32:26.655,100,386,54
17:32:26.756,100,386,53
17:32:26.856,100,386,54
17:32:26.956,100,386,54
17:32:27.057,100,386,54
17:32:27.157,100,386,53
17:32:27.257,100,386,54
17:32:27.357,100,386,53
17:32:27.458,100,386,53
17:32:27.558,100,386,54
17:32:27.658,100,386,54
17:32:27.759,100,386,53
17:32:27.859,100,386,54
17:32:27.959,100,386,54
17:32:28.060,100,386,53
17:32:28.160,100,386,54
17:32:28.260,100,386,54
17:32:28.361,100,386,53
17:32:28.461,100,386,53
17:32:28.561,100,386,53
17:32:28.662,100,386,53
17:32:28.762,100,386,53
17:32:28.862,100,386,53
17:32:28.963,100,386,53
17:32:29.063,100,386,53
17:32:29.163,100,386,53
17:32:29.264,100,386,52
17:32:29.364,96,386,53
17:32:29.464,96,386,53
17:32:29.565,91,386,53
17:32:29.665,91,386,53
17:32:29.765,100,386,53
17:32:29.866,89,386,53
17:32:29.966,89,386,53
17:32:30.066,100,386,53
17:32:30.167,100,382,52
17:32:30.267,97,382,53
17:32:30.367,100,382,53
17:32:30.468,100,382,53
17:32:30.568,98,382,53
17:32:30.668,98,382,53
17:32:30.769,100,382,53
17:32:30.869,93,382,53
17:32:30.969,93,382,54
17:32:31.070,100,382,53
17:32:31.170,100,382,54
17:32:31.270,97,382,53
17:32:31.371,93,382,53
17:32:31.471,93,382,53
17:32:31.571,100,382,53
17:32:31.672,100,382,53
17:32:31.772,93,382,53
17:32:31.872,96,382,53
17:32:31.973,96,382,53
17:32:32.073,100,382,53
17:32:32.173,100,382,53
17:32:32.274,89,382,53
17:32:32.374,100,382,53
17:32:32.474,100,382,53
17:32:32.575,95,382,53
17:32:32.675,95,382,53
17:32:32.775,100,382,53
17:32:32.876,95,382,53
17:32:32.976,95,382,54
17:32:33.076,100,382,53
17:32:33.177,100,382,53
17:32:33.277,96,382,54
17:32:33.377,89,382,53
17:32:33.477,89,382,54
17:32:33.578,100,382,54
17:32:33.678,100,382,53
17:32:33.779,98,382,54
17:32:33.879,100,382,53
17:32:33.979,100,382,53
17:32:34.080,100,382,53
17:32:34.180,100,382,52
17:32:34.280,100,382,53
17:32:34.381,100,382,54
17:32:34.481,100,382,54
17:32:34.581,100,382,54
17:32:34.681,100,382,54
17:32:34.782,100,382,54
17:32:34.882,100,382,54
17:32:34.982,100,382,53
17:32:35.083,100,382,53
17:32:35.183,100,382,53
17:32:35.283,100,382,54
17:32:35.384,100,382,54
17:32:35.484,100,382,54
17:32:35.584,100,382,54
17:32:35.685,100,382,54
17:32:35.785,100,382,54
17:32:35.885,100,382,54
17:32:35.986,100,382,54
17:32:36.086,100,382,54
17:32:36.186,100,382,54
17:32:36.287,100,382,54
17:32:36.387,100,382,54
17:32:36.487,100,382,54
17:32:36.587,100,382,54
17:32:36.688,100,382,53
17:32:36.788,100,382,53
17:32:36.888,100,382,53
17:32:36.989,100,382,53
17:32:37.089,100,382,53
17:32:37.189,100,382,53
17:32:37.290,100,382,53
17:32:37.390,95,382,53
17:32:37.490,95,382,53
17:32:37.591,100,382,53
17:32:37.691,100,382,53
17:32:37.791,89,382,54
17:32:37.892,95,382,53
17:32:37.992,95,382,54
17:32:38.092,100,382,54
17:32:38.193,100,382,53
17:32:38.293,95,382,54
17:32:38.393,100,382,54
17:32:38.494,100,382,53
17:32:38.594,93,382,53
17:32:38.694,93,382,53
17:32:38.795,100,382,53
17:32:38.895,92,382,53
17:32:38.995,92,382,54
17:32:39.096,97,382,53
17:32:39.196,97,382,53
17:32:39.296,100,382,53
17:32:39.397,96,382,53
17:32:39.497,96,382,53
17:32:39.597,100,382,53
17:32:39.698,100,382,53
17:32:39.798,94,382,53
17:32:39.898,100,382,53
17:32:39.999,100,382,54
17:32:40.099,100,382,53
17:32:40.199,100,382,54
17:32:40.300,100,382,54
17:32:40.400,100,382,54
17:32:40.500,100,382,54
17:32:40.600,100,382,54
17:32:40.701,100,382,54
17:32:40.801,100,382,54
17:32:40.901,100,382,53
17:32:41.002,100,382,53
17:32:41.102,100,382,53
17:32:41.202,100,382,53
17:32:41.303,100,382,53
17:32:41.403,100,382,54
17:32:41.503,100,382,54
17:32:41.604,100,382,54
17:32:41.704,100,382,54
17:32:41.804,100,382,54
17:32:41.905,100,382,53
17:32:42.005,100,378,53
17:32:42.105,89,378,53
17:32:42.206,89,378,53
17:32:42.306,91,378,53
17:32:42.406,100,378,53
17:32:42.507,100,378,53
17:32:42.607,97,378,53
17:32:42.707,97,378,53
17:32:42.808,100,378,53
17:32:42.908,91,378,53
17:32:43.008,91,378,53
17:32:43.109,100,378,53
17:32:43.209,100,378,54
17:32:43.309,96,378,54
17:32:43.410,94,378,53
17:32:43.510,94,378,54
17:32:43.610,100,378,54
17:32:43.711,100,378,54
17:32:43.811,92,378,54
17:32:43.911,99,378,53
17:32:44.012,99,378,54
17:32:44.112,99,378,54
17:32:44.212,99,378,54
17:32:44.313,100,378,54
17:32:44.413,100,378,53
17:32:44.513,100,378,53
17:32:44.614,100,378,53
17:32:44.714,100,378,54
17:32:44.814,100,378,54
17:32:44.915,100,378,54
17:32:45.015,100,378,53
17:32:45.115,100,378,53
17:32:45.216,100,378,53
17:32:45.316,89,378,53
17:32:45.416,100,378,54
17:32:45.517,100,378,54
17:32:45.617,97,378,54
17:32:45.717,97,378,53
17:32:45.818,91,378,53
17:32:45.918,100,378,53
17:32:46.018,100,378,52
17:32:46.119,88,378,53
17:32:46.219,88,378,53
17:32:46.319,100,378,53
17:32:46.420,89,378,54
17:32:46.520,89,378,54
17:32:46.620,97,378,54
17:32:46.721,97,378,54
17:32:46.821,100,378,53
17:32:46.921,100,378,54
17:32:47.022,100,378,54
17:32:47.122,100,378,54
17:32:47.222,100,378,54
17:32:47.323,100,378,53
17:32:47.423,91,378,54
17:32:47.523,91,378,54
17:32:47.624,95,378,54
17:32:47.724,95,378,53
17:32:47.824,100,378,53
17:32:47.925,100,378,53
17:32:48.025,100,378,53
17:32:48.125,100,378,53
17:32:48.226,100,378,53
17:32:48.326,98,378,53
17:32:48.426,90,378,53
17:32:48.527,90,378,52
17:32:48.627,70,378,53
17:32:48.728,70,378,53
17:32:48.828,100,378,52
17:32:48.928,23,378,52
17:32:49.029,23,378,53
17:32:49.129,100,378,52
17:32:49.230,100,378,52
17:32:49.330,32,378,52
17:32:49.430,100,378,52
17:32:49.531,100,378,52
17:32:49.631,44,378,52
17:32:49.732,44,378,52
17:32:49.832,100,374,52
17:32:49.932,42,374,52
17:32:50.033,42,374,53
17:32:50.133,100,374,52
17:32:50.234,100,374,53
17:32:50.334,49,374,53
17:32:50.434,100,374,53
17:32:50.535,100,374,52
17:32:50.635,52,374,53
17:32:50.736,52,374,53
17:32:50.836,100,374,52
17:32:50.937,60,374,53
17:32:51.037,60,374,53
17:32:51.137,100,374,53
17:32:51.238,100,376,52
17:32:51.338,28,376,52
17:32:51.439,0,376,52
17:32:51.539,0,382,52
17:32:51.640,24,382,53
17:32:51.740,24,382,53
17:32:51.841,100,382,52
17:32:51.941,64,382,52
17:32:52.041,64,382,52
17:32:52.142,100,382,52
17:32:52.242,100,382,52
17:32:52.343,57,382,52
17:32:52.443,100,382,52
17:32:52.543,100,382,52
17:32:52.644,73,382,52
17:32:52.744,73,382,53
17:32:52.844,100,382,52
17:32:52.945,93,382,54
17:32:53.045,93,382,54
17:32:53.145,100,382,54
17:32:53.245,100,382,53
17:32:53.346,97,382,54
17:32:53.446,100,382,54
17:32:53.546,100,382,53
17:32:53.647,93,382,53
17:32:53.747,93,382,53
17:32:53.847,100,382,54
17:32:53.948,95,382,53
17:32:54.048,95,382,53
17:32:54.148,100,382,53
17:32:54.249,100,382,53
17:32:54.349,95,382,53
17:32:54.449,100,382,53
17:32:54.550,100,382,53
17:32:54.650,89,382,53
17:32:54.750,89,382,53
17:32:54.851,100,381,52
17:32:54.951,54,381,53
17:32:55.051,54,381,53
17:32:55.152,100,381,52
17:32:55.252,100,381,53
17:32:55.353,57,381,53
17:32:55.453,100,381,53
17:32:55.553,100,381,53
17:32:55.654,96,381,54
17:32:55.754,96,381,54
17:32:55.854,100,381,53
17:32:55.955,96,381,53
17:32:56.055,96,381,53
17:32:56.155,100,381,53
17:32:56.256,100,381,53
17:32:56.356,99,381,53
17:32:56.456,100,381,53
17:32:56.557,100,381,53
17:32:56.657,100,380,52
17:32:56.758,100,380,53
17:32:56.858,90,380,53
17:32:56.958,100,380,53
17:32:57.059,100,380,53
17:32:57.159,91,380,53
17:32:57.259,100,380,53
17:32:57.360,100,380,53
17:32:57.460,91,380,53
17:32:57.560,91,380,53
17:32:57.661,98,380,53
17:32:57.761,100,380,54
17:32:57.861,100,380,54
17:32:57.962,98,380,54
17:32:58.062,98,380,54
17:32:58.162,100,380,53
17:32:58.263,99,380,54
17:32:58.363,99,380,54
17:32:58.463,100,380,54
17:32:58.564,100,380,53
17:32:58.664,92,380,53
17:32:58.764,100,380,53
17:32:58.865,100,380,53
17:32:58.965,98,380,53
17:32:59.065,98,380,53
17:32:59.166,100,380,53
17:32:59.266,96,380,53
17:32:59.366,96,380,53
17:32:59.467,100,380,53
17:32:59.567,100,380,53
17:32:59.667,94,380,54
17:32:59.768,100,380,54
17:32:59.868,100,380,54
17:32:59.968,94,380,54
17:33:00.069,94,380,54
17:33:00.169,100,380,53
17:33:00.269,94,380,54
17:33:00.370,94,380,54
17:33:00.470,100,380,53
17:33:00.570,100,380,53
17:33:00.671,95,380,53
17:33:00.771,100,380,53
17:33:00.871,100,380,53
17:33:00.972,93,380,53
17:33:01.072,93,380,53
17:33:01.173,100,380,53
17:33:01.273,100,380,53
17:33:01.373,100,380,53
17:33:01.474,94,380,53
17:33:01.574,94,380,53
17:33:01.674,100,380,53
17:33:01.774,93,380,53
17:33:01.875,93,380,53
17:33:01.975,100,380,53
17:33:02.075,100,380,53
17:33:02.176,100,380,53
17:33:02.276,93,380,53
17:33:02.376,93,380,54
17:33:02.477,100,380,53
17:33:02.577,100,380,54
17:33:02.678,99,380,54
17:33:02.778,100,380,54
17:33:02.878,100,380,53
17:33:02.979,90,380,53
17:33:03.079,90,380,53
17:33:03.179,96,380,53
17:33:03.280,100,380,54
17:33:03.380,100,380,53
17:33:03.481,92,380,53
17:33:03.581,92,380,53
17:33:03.681,100,380,53
17:33:03.782,93,380,53
17:33:03.882,93,380,52
17:33:03.982,100,380,53
17:33:04.083,100,380,53
17:33:04.183,94,380,53
17:33:04.283,100,380,53
17:33:04.384,100,380,53
17:33:04.484,100,380,53
17:33:04.584,100,380,53
17:33:04.685,96,380,53
17:33:04.785,100,380,53
17:33:04.886,100,380,53
17:33:04.986,93,380,53
17:33:05.086,93,380,53
17:33:05.187,100,380,53
17:33:05.287,96,380,54
17:33:05.387,96,380,54
17:33:05.488,95,380,53
17:33:05.588,95,380,53
17:33:05.688,100,380,53
17:33:05.789,97,380,53
17:33:05.889,97,380,53
17:33:05.989,100,380,53
17:33:06.090,100,380,53
17:33:06.190,94,380,53
17:33:06.290,99,380,53
17:33:06.391,99,380,53
17:33:06.491,100,380,52
17:33:06.591,100,380,53
17:33:06.692,98,380,53
17:33:06.792,100,380,53
17:33:06.892,100,380,53
17:33:06.993,97,380,53
17:33:07.093,97,380,53
17:33:07.193,100,380,54
17:33:07.294,100,380,53
17:33:07.394,100,380,53
17:33:07.494,96,380,53
17:33:07.595,96,380,54
17:33:07.695,100,380,53
17:33:07.795,99,380,53
17:33:07.896,99,380,53
17:33:07.996,91,380,53
17:33:08.096,91,380,53
17:33:08.197,100,380,53
17:33:08.297,97,380,53
17:33:08.397,97,380,53
17:33:08.498,100,380,53
17:33:08.598,100,380,53
17:33:08.698,96,380,53
17:33:08.799,100,380,53
17:33:08.899,100,380,53
17:33:08.999,97,380,53
17:33:09.100,97,380,53
17:33:09.200,100,380,53
17:33:09.300,97,380,53
17:33:09.401,97,380,53
17:33:09.501,100,380,53
17:33:09.601,100,380,53
17:33:09.702,95,380,53
17:33:09.802,100,380,53
17:33:09.902,100,380,53
17:33:10.003,89,380,53
17:33:10.103,89,380,53
17:33:10.203,100,380,53
17:33:10.304,99,380,53
17:33:10.404,99,380,54
17:33:10.504,95,380,54
17:33:10.605,95,380,54
17:33:10.705,100,380,53
17:33:10.805,94,380,54
17:33:10.906,94,380,54
17:33:11.006,100,380,53
17:33:11.106,100,380,53
17:33:11.207,90,380,53
17:33:11.307,100,380,53
17:33:11.407,100,380,53
17:33:11.508,95,380,53
17:33:11.608,95,380,53
17:33:11.708,100,380,53
17:33:11.809,91,380,53
17:33:11.909,91,380,53
17:33:12.009,100,380,53
17:33:12.110,100,380,53
17:33:12.210,100,380,53
17:33:12.310,98,380,54
17:33:12.411,98,380,53
17:33:12.511,100,380,53
17:33:12.611,100,380,53
17:33:12.712,90,380,53
17:33:12.812,100,380,53
17:33:12.912,100,380,53
17:33:13.013,93,380,53
17:33:13.113,93,380,54
17:33:13.213,100,380,54
17:33:13.314,97,380,53
17:33:13.414,97,380,53
17:33:13.514,100,380,53
17:33:13.615,100,380,53
17:33:13.715,100,380,53
17:33:13.815,91,380,53
17:33:13.916,91,380,53
17:33:14.016,100,380,53
17:33:14.116,100,380,53
17:33:14.217,98,380,53
17:33:14.317,100,380,53
17:33:14.417,100,380,53
17:33:14.518,100,380,53
17:33:14.618,100,380,53
17:33:14.718,92,380,53
17:33:14.819,100,380,53
17:33:14.919,100,380,53
17:33:15.019,99,380,54
17:33:15.120,99,380,53
17:33:15.220,100,380,53
17:33:15.320,100,380,54
17:33:15.421,100,380,54
17:33:15.521,100,380,54
17:33:15.621,100,380,54
17:33:15.722,100,380,54
17:33:15.822,100,380,54
17:33:15.922,100,380,53
17:33:16.022,100,380,53
17:33:16.123,100,380,53
17:33:16.223,100,380,53
17:33:16.323,100,380,53
17:33:16.424,100,380,53
17:33:16.524,100,380,53
17:33:16.624,100,380,53
17:33:16.725,100,380,53
17:33:16.825,94,380,53
17:33:16.925,94,380,53
17:33:17.026,100,380,53
17:33:17.126,100,380,53
17:33:17.226,97,380,53
17:33:17.327,94,380,53
17:33:17.427,94,380,54
17:33:17.527,100,380,53
17:33:17.628,100,380,53
17:33:17.728,97,380,53
17:33:17.828,100,380,53
17:33:17.928,100,380,53
17:33:18.029,100,380,53
17:33:18.129,100,380,54
17:33:18.229,93,380,53
17:33:18.330,100,380,53
17:33:18.430,100,380,53
17:33:18.530,100,380,53
17:33:18.631,100,380,53
17:33:18.731,97,380,53
17:33:18.831,100,380,53
17:33:18.932,100,380,53
17:33:19.032,94,380,53
17:33:19.133,94,380,53
17:33:19.233,100,380,53
17:33:19.333,100,380,53
17:33:19.433,100,380,53
17:33:19.534,100,380,53
17:33:19.634,100,380,53
17:33:19.734,95,380,53
17:33:19.835,100,380,53
17:33:19.935,100,380,52
17:33:20.035,94,380,53
17:33:20.136,94,380,53
17:33:20.236,100,380,53
17:33:20.336,100,380,53
17:33:20.437,100,380,52
17:33:20.537,91,380,53
17:33:20.637,91,380,53
17:33:20.738,100,380,53
17:33:20.838,100,380,52
17:33:20.938,100,380,54
17:33:21.039,96,380,54
17:33:21.139,96,380,53
17:33:21.239,100,380,53
17:33:21.340,95,380,54
17:33:21.440,95,380,54
17:33:21.540,100,380,53
17:33:21.641,100,380,54
17:33:21.741,95,380,54
17:33:21.841,100,380,54
17:33:21.942,100,380,53
17:33:22.042,97,380,54
17:33:22.142,97,380,53
17:33:22.243,100,380,54
17:33:22.343,100,380,53
17:33:22.443,100,380,52
17:33:22.544,89,380,53
17:33:22.644,89,380,53
17:33:22.744,100,380,53
17:33:22.845,100,380,52
17:33:22.945,100,380,53
17:33:23.045,90,380,53
17:33:23.146,90,380,53
17:33:23.246,100,380,53
17:33:23.346,100,380,53
17:33:23.447,100,380,53
17:33:23.547,89,380,53
17:33:23.647,89,380,53
17:33:23.748,100,380,54
17:33:23.848,100,380,54
17:33:23.948,100,380,54
17:33:24.049,92,380,54
17:33:24.149,92,380,54
17:33:24.249,100,380,53
17:33:24.350,100,380,53
17:33:24.450,100,380,53
17:33:24.550,84,380,53
17:33:24.651,84,380,53
17:33:24.751,100,380,53
17:33:24.851,100,380,53
17:33:24.952,100,380,53
17:33:25.052,97,380,53
17:33:25.152,97,380,53
17:33:25.252,100,380,52
17:33:25.353,90,380,53
17:33:25.453,90,380,53
17:33:25.553,100,380,54
17:33:25.654,100,380,53
17:33:25.754,100,380,53
17:33:25.854,96,380,53
17:33:25.955,96,380,52
17:33:26.055,100,380,53
17:33:26.155,100,380,52
17:33:26.256,100,380,52
17:33:26.356,100,380,53
17:33:26.456,100,380,53
17:33:26.557,90,380,53
17:33:26.657,90,380,53
17:33:26.757,100,380,53
17:33:26.858,100,380,53
17:33:26.958,100,380,53
17:33:27.058,100,380,53
17:33:27.159,100,380,53
17:33:27.259,98,380,53
17:33:27.359,100,380,53
17:33:27.460,100,380,53
17:33:27.560,98,380,54
17:33:27.660,98,380,53
17:33:27.761,100,380,53
17:33:27.861,100,380,52
17:33:27.961,100,380,54
17:33:28.062,90,380,54
17:33:28.162,90,380,54
17:33:28.262,100,380,53
17:33:28.363,96,380,54
17:33:28.463,96,380,54
17:33:28.564,100,380,53
17:33:28.664,93,380,54
17:33:28.764,93,380,54
17:33:28.865,95,380,53
17:33:28.965,95,380,53
17:33:29.065,100,380,53
17:33:29.165,96,380,53
17:33:29.266,96,380,53
17:33:29.366,100,380,53
17:33:29.466,100,380,53
17:33:29.567,94,380,53
17:33:29.667,100,380,53
17:33:29.768,100,380,53
17:33:29.868,97,380,54
17:33:29.968,97,380,54
17:33:30.069,100,380,54
17:33:30.169,100,380,53
17:33:30.269,100,380,53
17:33:30.370,95,380,53
17:33:30.470,95,380,53
17:33:30.570,100,380,53
17:33:30.671,100,380,53
17:33:30.771,100,380,53
17:33:30.871,95,380,54
17:33:30.972,95,380,54
17:33:31.072,100,380,54
17:33:31.172,100,380,54
17:33:31.273,100,380,53
17:33:31.373,90,380,53
17:33:31.473,90,380,53
17:33:31.574,100,380,53
17:33:31.674,92,380,52
17:33:31.774,92,380,53
17:33:31.875,100,380,53
17:33:31.975,100,380,53
17:33:32.075,100,380,52
17:33:32.176,98,380,52
17:33:32.276,98,380,53
17:33:32.376,100,380,53
17:33:32.476,100,380,53
17:33:32.577,100,380,53
17:33:32.677,100,380,53
17:33:32.777,100,380,53
17:33:32.878,92,380,53
17:33:32.978,92,380,53
17:33:33.078,100,380,53
17:33:33.179,100,380,53
17:33:33.279,100,380,53
17:33:33.379,99,380,53
17:33:33.480,99,380,53
17:33:33.580,97,380,53
17:33:33.680,100,380,53
17:33:33.781,100,380,53
17:33:33.881,95,380,53
17:33:33.981,95,380,54
17:33:34.082,100,380,54
17:33:34.182,100,380,53
17:33:34.282,100,380,53
17:33:34.383,93,380,53
17:33:34.483,93,380,53
17:33:34.583,100,380,53
17:33:34.684,93,380,53
17:33:34.784,93,380,53
17:33:34.884,100,380,53
17:33:34.985,100,380,53
17:33:35.085,97,380,53
17:33:35.185,100,380,53
17:33:35.286,100,380,52
17:33:35.386,93,380,53
17:33:35.486,93,380,52
17:33:35.587,93,380,53
17:33:35.687,100,380,53
17:33:35.787,100,380,54
17:33:35.888,92,380,54
17:33:35.988,92,380,53
17:33:36.088,100,380,53
17:33:36.189,90,380,53
17:33:36.289,90,380,53
17:33:36.389,100,380,53
17:33:36.490,100,380,53
17:33:36.590,96,380,53
17:33:36.690,100,380,53
17:33:36.791,100,380,53
17:33:36.891,100,380,53
17:33:36.991,100,380,53
17:33:37.092,96,380,53
17:33:37.192,100,380,53
17:33:37.292,100,380,53
17:33:37.393,96,380,52
17:33:37.493,96,380,52
17:33:37.593,100,380,52
17:33:37.694,100,380,53
17:33:37.794,100,380,52
17:33:37.894,99,380,53
17:33:37.995,99,380,53
17:33:38.095,100,380,53
17:33:38.195,100,380,53
17:33:38.295,100,380,53
17:33:38.396,100,380,53
17:33:38.496,100,380,53
17:33:38.596,100,380,53
17:33:38.697,100,380,54
17:33:38.797,100,380,54
17:33:38.897,100,380,54
17:33:38.998,100,380,54
17:33:39.098,100,380,54
17:33:39.198,100,380,54
17:33:39.299,100,380,54
17:33:39.399,100,380,54
17:33:39.499,100,380,54
17:33:39.599,100,380,54
17:33:39.700,100,380,54
17:33:39.800,100,380,54
17:33:39.900,100,380,54
17:33:40.001,100,380,54
17:33:40.101,100,380,54
17:33:40.201,100,380,54
17:33:40.301,100,380,54
17:33:40.402,100,380,54
17:33:40.502,100,380,54
17:33:40.602,100,380,54
17:33:40.703,100,380,54
17:33:40.803,100,380,53
17:33:40.903,100,380,53
17:33:41.004,100,380,53
17:33:41.104,100,380,53
17:33:41.204,100,380,53
17:33:41.304,100,380,53
17:33:41.405,100,380,53
17:33:41.505,100,380,53
17:33:41.605,100,380,53
17:33:41.706,90,380,53
17:33:41.806,90,380,53
17:33:41.906,100,380,53
17:33:42.007,100,380,54
17:33:42.107,98,380,54
17:33:42.207,100,380,54
17:33:42.308,100,380,53
17:33:42.408,97,380,53
17:33:42.508,97,380,53
17:33:42.609,100,380,53
17:33:42.709,95,380,53
17:33:42.809,95,380,53
17:33:42.910,100,380,53
17:33:43.010,100,380,53
17:33:43.110,93,380,53
17:33:43.211,100,380,53
17:33:43.311,100,380,53
17:33:43.411,100,380,53
17:33:43.512,100,380,53
17:33:43.612,96,380,53
17:33:43.712,100,380,53
17:33:43.813,100,380,53
17:33:43.913,91,380,54
17:33:44.013,91,380,54
17:33:44.114,100,380,53
17:33:44.214,92,380,54
17:33:44.314,92,380,54
17:33:44.415,100,380,54
17:33:44.515,100,380,53
17:33:44.615,98,380,54
17:33:44.716,100,380,54
17:33:44.816,100,380,54
17:33:44.916,94,380,54
17:33:45.017,94,380,53
17:33:45.117,96,380,53
17:33:45.217,100,380,53
17:33:45.318,100,380,53
17:33:45.418,95,380,53
17:33:45.518,95,380,53
17:33:45.618,100,380,52
17:33:45.719,89,380,53
17:33:45.819,89,380,53
17:33:45.919,100,380,53
17:33:46.020,100,380,53
17:33:46.120,97,380,53
17:33:46.220,100,380,53
17:33:46.321,100,380,53
17:33:46.421,98,380,53
17:33:46.521,98,380,53
17:33:46.622,100,380,53
17:33:46.722,92,380,54
17:33:46.822,92,380,54
17:33:46.923,100,380,53
17:33:47.023,100,380,54
17:33:47.123,95,380,53
17:33:47.224,89,380,53
17:33:47.324,89,380,53
17:33:47.424,100,380,53
17:33:47.525,100,380,53
17:33:47.625,94,380,53
17:33:47.725,100,380,53
17:33:47.826,100,380,53
17:33:47.926,94,380,53
17:33:48.026,94,380,53
17:33:48.127,100,380,53
17:33:48.227,94,380,53
17:33:48.327,94,380,54
17:33:48.428,100,380,53
17:33:48.528,100,380,53
17:33:48.628,94,380,53
17:33:48.729,100,380,53
17:33:48.829,100,380,53
17:33:48.930,93,380,53
17:33:49.030,93,380,53
17:33:49.130,100,380,53
17:33:49.231,97,380,53
17:33:49.331,97,380,53
17:33:49.431,100,380,53
17:33:49.532,100,380,53
17:33:49.632,98,380,53
17:33:49.732,99,380,53
17:33:49.833,99,380,53
17:33:49.933,100,380,53
17:33:50.033,100,380,53
17:33:50.133,100,380,54
17:33:50.234,100,380,53
17:33:50.334,100,380,53
17:33:50.434,100,380,53
17:33:50.535,100,380,53
17:33:50.635,100,380,53
17:33:50.735,100,380,53
17:33:50.836,100,380,53
17:33:50.936,100,380,54
17:33:51.036,100,380,54
17:33:51.137,100,380,54
17:33:51.237,100,380,54
17:33:51.337,100,380,54
17:33:51.437,100,380,54
17:33:51.538,100,380,54
17:33:51.638,100,380,54
17:33:51.738,100,380,55
17:33:51.839,100,380,55
17:33:51.939,100,380,54
17:33:52.039,100,380,54
17:33:52.140,100,380,54
17:33:52.240,100,380,54
17:33:52.340,100,380,54
17:33:52.440,100,380,54
17:33:52.541,100,380,54
17:33:52.641,100,380,54
17:33:52.741,100,380,54
17:33:52.842,100,380,54
17:33:52.942,100,380,54
17:33:53.042,100,380,53
17:33:53.143,100,380,53
17:33:53.243,100,380,53
17:33:53.343,100,380,53
17:33:53.444,100,380,53
17:33:53.544,100,380,53
17:33:53.644,100,380,53
17:33:53.744,100,380,53
17:33:53.845,100,380,53
17:33:53.945,98,380,53
17:33:54.045,98,380,54
17:33:54.146,100,380,53
17:33:54.246,98,380,54
17:33:54.346,98,380,54
17:33:54.447,100,380,53
17:33:54.547,100,380,54
17:33:54.647,93,380,54
17:33:54.748,99,380,53
17:33:54.848,99,380,53
17:33:54.948,100,380,53
17:33:55.049,100,380,53
17:33:55.149,93,380,53
17:33:55.249,100,380,53
17:33:55.350,100,380,53
17:33:55.450,98,380,53
17:33:55.550,98,380,53
17:33:55.651,100,380,53
17:33:55.751,91,380,53
17:33:55.851,91,380,53
17:33:55.952,94,380,54
17:33:56.052,94,380,54
17:33:56.152,97,380,54
17:33:56.252,95,380,54
17:33:56.353,95,380,54
17:33:56.453,100,380,53
17:33:56.553,100,380,53
17:33:56.654,96,380,53
17:33:56.754,95,380,53
17:33:56.854,95,380,53
17:33:56.955,98,380,54
17:33:57.055,98,380,53
17:33:57.155,88,380,53
17:33:57.256,100,380,53
17:33:57.356,100,380,53
17:33:57.456,100,380,53
17:33:57.557,100,380,53
17:33:57.657,99,380,53
17:33:57.757,99,380,53
17:33:57.858,99,380,54
17:33:57.958,100,380,54
17:33:58.058,100,380,54
17:33:58.159,100,380,53
17:33:58.259,100,380,53
17:33:58.359,100,380,54
17:33:58.459,100,380,54
17:33:58.560,100,380,54
17:33:58.660,100,380,54
17:33:58.760,100,380,54
17:33:58.861,100,380,54
17:33:58.961,100,380,54
17:33:59.061,100,380,54
17:33:59.162,100,380,54
17:33:59.262,100,380,54
17:33:59.362,100,380,54
17:33:59.462,100,380,54
17:33:59.563,100,380,54
17:33:59.663,100,380,54
17:33:59.763,100,380,53
17:33:59.864,100,380,53
17:33:59.964,100,380,53
17:34:00.064,100,380,53
17:34:00.165,100,380,53
17:34:00.265,94,380,54
17:34:00.365,94,380,54
17:34:00.466,97,380,53
17:34:00.566,97,380,53
17:34:00.666,100,380,53
17:34:00.767,99,380,53
17:34:00.867,99,380,53
17:34:00.967,100,380,53
17:34:01.068,100,380,53
17:34:01.168,90,380,53
17:34:01.268,90,380,53
17:34:01.369,90,380,53
17:34:01.469,100,380,54
17:34:01.569,100,380,53
17:34:01.670,99,380,53
17:34:01.770,100,380,54
17:34:01.870,100,380,54
17:34:01.970,100,380,54
17:34:02.071,100,380,54
17:34:02.171,100,380,54
17:34:02.271,100,380,54
17:34:02.372,100,380,53
17:34:02.472,100,380,54
17:34:02.572,100,380,53
17:34:02.673,100,380,53
17:34:02.773,100,380,53
17:34:02.873,100,380,54
17:34:02.974,100,380,54
17:34:03.074,100,380,53
17:34:03.174,100,380,53
17:34:03.275,100,380,53
17:34:03.375,100,380,54
17:34:03.475,99,380,54
17:34:03.576,99,380,53
17:34:03.676,97,380,53
17:34:03.776,100,380,53
17:34:03.877,100,380,54
17:34:03.977,95,380,54
17:34:04.077,96,380,54
17:34:04.178,96,380,53
17:34:04.278,100,380,53
17:34:04.378,100,380,53
17:34:04.479,92,380,53
17:34:04.579,100,380,53
17:34:04.679,100,380,53
17:34:04.780,97,380,53
17:34:04.880,97,380,53
17:34:04.980,95,380,53
17:34:05.081,100,380,53
17:34:05.181,100,380,54
17:34:05.281,100,380,54
17:34:05.382,100,380,54
17:34:05.482,100,380,54
17:34:05.582,100,380,54
17:34:05.683,100,380,54
17:34:05.783,100,380,54
17:34:05.883,100,380,53
17:34:05.983,91,380,53
17:34:06.084,99,380,53
17:34:06.184,99,380,53
17:34:06.284,100,380,53
17:34:06.385,100,380,53
17:34:06.485,98,380,53
17:34:06.585,100,380,53
17:34:06.686,100,380,53
17:34:06.786,95,380,53
17:34:06.887,95,380,53
17:34:06.987,100,380,54
17:34:07.087,96,380,54
17:34:07.188,96,380,54
17:34:07.288,90,380,53
17:34:07.388,90,380,53
17:34:07.489,100,380,53
17:34:07.589,98,380,54
17:34:07.689,98,380,53
17:34:07.790,91,380,53
17:34:07.890,91,380,53
17:34:07.990,100,380,53
17:34:08.091,97,380,53
17:34:08.191,97,380,52
17:34:08.291,92,380,53
17:34:08.392,92,380,53
17:34:08.492,99,380,53
17:34:08.592,94,380,53
17:34:08.693,94,380,53
17:34:08.793,93,380,53
17:34:08.893,93,380,53
17:34:08.994,92,380,54
17:34:09.094,100,380,54
17:34:09.194,100,380,53
17:34:09.295,95,380,54
17:34:09.395,95,380,53
17:34:09.496,77,380,52
17:34:09.596,61,380,52
17:34:09.696,61,380,52
17:34:09.797,90,380,52
17:34:09.897,90,380,52
17:34:09.997,63,380,52
17:34:10.098,84,380,53
17:34:10.198,84,380,52
17:34:10.299,65,380,53
17:34:10.399,65,380,53
17:34:10.499,98,380,53
17:34:10.600,68,380,53
17:34:10.700,68,380,54
17:34:10.801,94,380,53
17:34:10.901,94,380,53
17:34:11.001,70,380,54
17:34:11.102,89,380,53
17:34:11.202,89,380,53
17:34:11.302,72,380,53
17:34:11.403,72,380,53
17:34:11.503,90,380,53
17:34:11.603,74,380,53
17:34:11.704,74,380,53
17:34:11.804,70,380,52
17:34:11.905,70,380,53
17:34:12.005,76,380,53
17:34:12.105,55,380,52
17:34:12.206,55,380,52
17:34:12.306,78,380,52
17:34:12.407,78,380,52
17:34:12.507,35,380,52
17:34:12.607,80,380,53
17:34:12.708,80,380,52
17:34:12.808,26,380,52
17:34:12.909,26,380,53
17:34:13.009,82,380,52
17:34:13.109,33,380,52
17:34:13.210,33,380,52
17:34:13.310,85,380,53
17:34:13.411,85,380,52
17:34:13.511,35,380,53
17:34:13.611,87,380,53
17:34:13.712,87,380,52
17:34:13.812,26,380,52
17:34:13.913,26,380,53
17:34:14.013,89,380,53
17:34:14.114,36,380,52
17:34:14.214,36,380,52
17:34:14.314,91,380,52
17:34:14.415,91,380,52
17:34:14.515,45,380,52
17:34:14.615,93,380,52
17:34:14.716,93,380,52
17:34:14.816,46,380,52
17:34:14.917,46,380,53
17:34:15.017,96,380,52
17:34:15.117,51,380,52
17:34:15.218,51,380,53
17:34:15.318,98,380,53
17:34:15.418,98,380,52
17:34:15.519,49,380,53
17:34:15.619,100,380,53
17:34:15.720,100,380,52
17:34:15.820,48,380,52
17:34:15.920,48,380,52
17:34:16.021,100,380,52
17:34:16.121,57,381,52
17:34:16.221,57,381,52
17:34:16.322,1,381,52
17:34:16.422,1,381,52
17:34:16.523,0,411,52
17:34:16.623,85,411,53
17:34:16.724,85,411,52
17:34:16.824,69,411,52
17:34:16.924,69,411,52
17:34:17.025,90,411,52
17:34:17.125,70,411,52
17:34:17.225,70,411,52
17:34:17.326,93,411,52
17:34:17.426,93,411,52
17:34:17.527,63,411,52
17:34:17.627,95,411,53
17:34:17.727,95,411,53
17:34:17.828,88,411,53
17:34:17.928,88,411,54
17:34:18.028,97,411,54
17:34:18.129,100,411,53
17:34:18.229,100,411,53
17:34:18.329,90,411,53
17:34:18.429,90,411,53
17:34:18.530,100,410,53
17:34:18.630,95,410,53
17:34:18.731,95,410,54
17:34:18.831,100,410,53
17:34:18.931,100,410,53
17:34:19.031,98,410,53
17:34:19.132,100,410,53
17:34:19.232,100,410,53
17:34:19.332,91,410,53
17:34:19.433,91,410,53
17:34:19.533,92,410,53
17:34:19.633,100,410,53
17:34:19.734,100,410,52
17:34:19.834,56,410,53
17:34:19.935,56,410,53
17:34:20.035,100,410,53
17:34:20.135,66,410,53
17:34:20.236,66,410,53
17:34:20.336,100,410,53
17:34:20.436,100,410,52
17:34:20.537,95,410,53
17:34:20.637,90,410,54
17:34:20.737,90,410,54
17:34:20.838,100,410,53
17:34:20.938,100,410,53
17:34:21.038,97,410,53
17:34:21.139,100,410,53
17:34:21.239,100,410,53
17:34:21.339,89,410,53
17:34:21.440,89,410,53
17:34:21.540,100,410,53
17:34:21.640,90,410,53
17:34:21.741,90,410,53
17:34:21.841,100,410,53
17:34:21.941,100,410,53
17:34:22.042,100,410,53
17:34:22.142,97,410,53
17:34:22.242,97,410,53
17:34:22.343,99,410,53
17:34:22.443,99,410,53
17:34:22.543,100,410,53
17:34:22.644,92,410,54
17:34:22.744,92,410,54
17:34:22.844,100,410,53
17:34:22.945,100,410,53
17:34:23.045,96,410,53
17:34:23.145,100,410,53
17:34:23.246,100,410,53
17:34:23.346,96,410,54
17:34:23.447,96,410,54
17:34:23.547,100,410,53
17:34:23.647,96,410,53
17:34:23.748,96,410,53
17:34:23.848,100,410,53
17:34:23.948,100,400,53
17:34:24.048,93,400,53
17:34:24.149,100,400,53
17:34:24.249,100,400,53
17:34:24.350,96,400,53
17:34:24.450,96,400,53
17:34:24.550,100,400,53
17:34:24.651,98,400,53
17:34:24.751,98,400,53
17:34:24.851,100,400,53
17:34:24.952,100,400,53
17:34:25.052,99,400,53
17:34:25.152,97,400,53
17:34:25.253,97,400,54
17:34:25.353,100,400,53
17:34:25.453,100,400,53
17:34:25.554,95,400,54
17:34:25.654,100,400,54
17:34:25.754,100,400,53
17:34:25.855,100,400,53
17:34:25.955,100,400,53
17:34:26.055,94,400,53
17:34:26.156,100,400,53
17:34:26.256,100,400,53
17:34:26.356,95,400,53
17:34:26.457,95,400,53
17:34:26.557,100,400,53
17:34:26.657,96,400,53
17:34:26.758,96,400,54
17:34:26.858,100,400,54
17:34:26.958,100,400,53
17:34:27.059,100,400,54
17:34:27.159,90,400,54
17:34:27.259,90,400,54
17:34:27.360,100,400,54
17:34:27.460,100,400,54
17:34:27.560,99,400,54
17:34:27.661,100,400,54
17:34:27.761,100,400,54
17:34:27.861,100,400,54
17:34:27.962,100,400,53
17:34:28.062,89,400,53
17:34:28.162,100,400,53
17:34:28.263,100,400,53
17:34:28.363,99,400,54
17:34:28.463,99,400,54
17:34:28.564,100,400,53
17:34:28.664,98,400,53
17:34:28.764,98,400,53
17:34:28.865,100,400,53
17:34:28.965,100,400,53
17:34:29.065,95,400,53
17:34:29.166,100,400,53
17:34:29.266,100,400,53
17:34:29.366,100,400,53
17:34:29.467,100,400,53
17:34:29.567,93,400,53
17:34:29.667,100,400,53
17:34:29.768,100,400,53
17:34:29.868,92,400,53
17:34:29.968,100,400,53
17:34:30.069,100,400,53
17:34:30.169,92,400,54
17:34:30.269,92,400,54
17:34:30.370,95,400,54
17:34:30.470,100,400,54
17:34:30.570,100,400,53
17:34:30.670,92,400,53
17:34:30.771,92,400,53
17:34:30.871,100,400,53
17:34:30.971,100,400,53
17:34:31.072,100,400,53
17:34:31.172,98,400,53
17:34:31.272,98,400,53
17:34:31.373,100,400,53
17:34:31.473,92,400,53
17:34:31.573,92,400,54
17:34:31.674,100,400,53
17:34:31.774,100,396,53
17:34:31.874,95,396,54
17:34:31.975,100,396,54
17:34:32.075,100,396,54
17:34:32.175,100,396,53
17:34:32.276,100,396,53
17:34:32.376,83,396,54
17:34:32.476,100,396,54
17:34:32.577,100,396,54
17:34:32.677,89,396,53
17:34:32.777,89,396,53
17:34:32.878,100,396,53
17:34:32.978,100,396,53
17:34:33.078,100,396,53
17:34:33.179,92,396,54
17:34:33.279,92,396,54
17:34:33.380,100,396,53
17:34:33.480,98,396,53
17:34:33.580,98,396,53
17:34:33.681,100,396,53
17:34:33.781,100,396,53
17:34:33.881,98,396,53
17:34:33.981,97,396,53
17:34:34.082,97,396,53
17:34:34.182,100,396,53
17:34:34.282,100,396,53
17:34:34.383,92,396,53
17:34:34.483,100,396,53
17:34:34.583,100,396,53
17:34:34.684,93,396,53
17:34:34.784,93,396,54
17:34:34.884,99,396,54
17:34:34.985,100,396,54
17:34:35.085,100,396,53
17:34:35.185,94,396,53
17:34:35.286,94,396,54
17:34:35.386,100,396,54
17:34:35.486,100,396,53
17:34:35.587,100,396,53
17:34:35.687,95,396,53
17:34:35.787,95,396,53
17:34:35.888,100,396,53
17:34:35.988,94,396,53
17:34:36.088,94,396,53
17:34:36.189,100,396,53
17:34:36.289,100,396,53
17:34:36.389,95,396,53
17:34:36.490,100,396,53
17:34:36.590,100,396,53
17:34:36.690,99,396,53
17:34:36.791,99,396,53
17:34:36.891,100,396,53
17:34:36.991,100,396,54
17:34:37.092,100,396,54
17:34:37.192,100,396,53
17:34:37.292,100,396,53
17:34:37.393,100,396,53
17:34:37.493,100,396,53
17:34:37.593,100,396,52
17:34:37.694,96,396,53
17:34:37.794,96,396,53
17:34:37.894,100,396,53
17:34:37.995,97,396,53
17:34:38.095,97,396,53
17:34:38.195,100,396,53
17:34:38.295,100,396,53
17:34:38.396,100,396,53
17:34:38.496,92,396,53
17:34:38.596,92,396,53
17:34:38.697,100,396,53
17:34:38.797,100,396,53
17:34:38.897,90,396,53
17:34:38.998,100,396,53
17:34:39.098,100,396,53
17:34:39.198,97,396,53
17:34:39.299,97,396,53
17:34:39.399,100,396,53
17:34:39.499,90,396,53
17:34:39.600,90,396,53
17:34:39.700,100,396,53
17:34:39.800,100,396,53
17:34:39.901,100,396,53
17:34:39.001,95,396,53
17:34:40.101,95,396,53
17:34:40.202,100,396,54
17:34:40.302,100,392,53
17:34:40.402,97,392,54
17:34:40.503,100,392,54
17:34:40.603,100,392,54
17:34:40.703,90,392,53
17:34:40.804,90,392,54
17:34:40.904,100,392,54
17:34:41.004,100,392,54
17:34:41.104,100,392,53
17:34:41.205,92,392,53
17:34:41.305,92,392,53
17:34:41.406,100,392,53
17:34:41.506,100,392,53
17:34:41.606,100,392,53
17:34:41.707,97,392,53
17:34:41.807,97,392,53
17:34:41.907,100,392,53
17:34:42.007,100,392,53
17:34:42.108,100,392,53
17:34:42.208,96,392,53
17:34:42.308,96,392,53
17:34:42.409,100,392,53
17:34:42.509,100,392,53
17:34:42.609,100,392,54
17:34:42.710,92,392,54
17:34:42.810,92,392,53
17:34:42.910,100,392,53
17:34:43.011,92,392,53
17:34:43.111,92,392,53
17:34:43.211,100,392,53
17:34:43.312,100,392,53
17:34:43.412,100,392,53
17:34:43.512,96,392,53
17:34:43.613,96,392,53
17:34:43.713,100,392,53
17:34:43.813,100,392,53
17:34:43.914,100,392,53
17:34:44.014,97,392,52
17:34:44.114,97,392,53
17:34:44.215,92,392,53
17:34:44.315,92,392,53
17:34:44.415,100,392,53
17:34:44.516,100,392,53
17:34:44.616,100,392,52
17:34:44.716,93,392,53
17:34:44.817,93,392,53
17:34:44.917,100,392,53
17:34:45.017,100,392,53
17:34:45.118,100,392,53
17:34:45.218,96,392,53
17:34:45.318,96,392,53
17:34:45.419,100,392,53
17:34:45.519,98,392,53
17:34:45.619,98,392,53
17:34:45.720,100,392,53
17:34:45.820,100,392,53
17:34:45.920,100,392,53
17:34:46.021,97,392,53
17:34:46.121,97,392,54
17:34:46.221,99,392,53
17:34:46.322,99,392,54
17:34:46.422,95,392,54
17:34:46.522,100,392,53
17:34:46.623,100,392,54
17:34:46.723,98,392,54
17:34:46.823,98,392,54
17:34:46.924,100,392,54
17:34:47.024,95,392,53
17:34:47.124,95,392,54
17:34:47.225,100,392,54
17:34:47.325,100,392,53
17:34:47.425,100,392,53
17:34:47.526,97,392,53
17:34:47.626,97,392,53
17:34:47.726,100,392,53
17:34:47.826,100,392,53
17:34:47.927,100,392,53
17:34:48.027,91,392,53
17:34:48.127,91,392,53
17:34:48.228,100,392,53
17:34:48.328,100,392,53
17:34:48.428,100,392,53
17:34:48.529,92,392,54
17:34:48.629,92,392,53
17:34:48.729,100,392,54
17:34:48.830,100,392,54
17:34:48.930,100,392,53
17:34:49.030,96,392,53
17:34:49.131,96,392,53
17:34:49.231,100,392,53
17:34:49.331,100,392,53
17:34:49.432,100,392,53
17:34:49.532,90,392,53
17:34:49.632,90,392,53
17:34:49.733,100,392,53
17:34:49.833,100,392,53
17:34:49.933,100,392,53
17:34:50.034,97,392,53
17:34:50.134,97,392,53
17:34:50.234,99,388,53
17:34:50.335,99,388,53
17:34:50.435,90,388,53
17:34:50.535,100,388,53
17:34:50.636,100,388,53
17:34:50.736,100,388,53
17:34:50.836,100,388,53
17:34:50.937,99,388,53
17:34:51.037,100,388,53
17:34:51.137,100,388,52
17:34:51.238,100,388,53
17:34:51.338,100,388,53
17:34:51.438,100,388,53
17:34:51.539,93,388,53
17:34:51.639,93,388,53
17:34:51.739,100,388,53
17:34:51.840,100,388,53
17:34:51.940,100,388,53
17:34:52.040,94,388,53
17:34:52.141,94,388,53
17:34:52.241,100,388,54
17:34:52.341,100,388,53
17:34:52.442,100,388,53
17:34:52.542,94,388,53
17:34:52.642,94,388,53
17:34:52.743,100,388,53
17:34:52.843,100,388,53
17:34:52.944,95,388,54
17:34:53.044,100,388,54
17:34:53.144,100,388,54
17:34:53.245,100,388,53
17:34:53.345,100,388,54
17:34:53.445,96,388,54
17:34:53.546,96,388,54
17:34:53.646,96,388,54
17:34:53.746,100,388,53
17:34:53.847,100,388,53
17:34:53.947,93,388,53
17:34:54.047,96,388,53
17:34:54.148,96,388,53
17:34:54.248,100,388,53
17:34:54.348,100,388,53
17:34:54.449,96,388,53
17:34:54.549,96,388,54
17:34:54.649,96,388,53
17:34:54.750,99,388,53
17:34:54.850,99,388,54
17:34:54.950,100,388,54
17:34:55.050,100,388,54
17:34:55.151,100,388,53
17:34:55.251,100,388,53
17:34:55.351,100,388,54
17:34:55.452,94,388,53
17:34:55.552,100,388,53
17:34:55.652,100,388,53
17:34:55.753,95,388,53
17:34:55.853,95,388,53
17:34:55.953,98,388,53
17:34:56.054,100,388,53
17:34:56.154,100,388,53
17:34:56.254,90,388,53
17:34:56.355,90,388,53
17:34:56.455,100,388,53
17:34:56.555,100,388,52
17:34:56.656,100,388,53
17:34:56.756,93,388,53
17:34:56.856,93,388,53
17:34:56.957,100,388,53
17:34:57.057,100,388,52
17:34:57.157,100,388,53
17:34:57.258,93,388,53
17:34:57.358,93,388,53
17:34:57.458,100,388,53
17:34:57.559,100,388,53
17:34:57.659,100,388,53
17:34:57.759,96,388,53
17:34:57.860,96,388,53
17:34:57.960,100,388,53
17:34:58.060,100,388,53
17:34:58.161,100,388,53
17:34:58.261,100,388,53
17:34:58.361,100,388,53
17:34:58.462,97,388,53
17:34:58.562,100,388,53
17:34:58.662,100,388,53
17:34:58.763,98,388,53
17:34:58.863,98,388,54
17:34:58.963,91,388,54
17:34:59.064,100,388,53
17:34:59.164,100,388,53
17:34:59.264,95,388,53
17:34:59.365,95,388,53
17:34:59.465,100,388,53
17:34:59.565,92,388,53
17:34:59.666,92,388,53
17:34:59.766,100,388,53
17:34:59.866,100,388,53
17:34:59.967,100,384,52
17:35:00.067,86,384,53
17:35:00.167,86,384,53
17:35:00.268,94,384,53
17:35:00.368,94,384,53
17:35:00.468,100,384,53
17:35:00.569,94,384,53
17:35:00.669,94,384,53
17:35:00.769,91,384,54
17:35:00.870,91,384,54
17:35:00.970,100,384,54
17:35:01.070,100,384,53
17:35:01.171,100,384,54
17:35:01.271,100,384,54
17:35:01.371,100,384,54
17:35:01.472,100,384,54
17:35:01.572,100,384,53
17:35:01.672,100,384,54
17:35:01.773,100,384,53
17:35:01.873,100,384,53
17:35:01.973,100,384,53
17:35:02.074,95,384,53
17:35:02.174,95,384,53
17:35:02.274,100,384,52
17:35:02.375,100,384,53
17:35:02.475,100,384,53
17:35:02.575,91,384,53
17:35:02.675,91,384,53
17:35:02.776,100,384,53
17:35:02.876,100,384,53
17:35:02.976,100,384,53
17:35:03.077,91,384,53
17:35:03.177,91,384,53
17:35:03.277,100,384,53
17:35:03.378,97,384,53
17:35:03.478,97,384,53
17:35:03.578,98,384,53
17:35:03.679,98,384,53
17:35:03.779,100,384,53
17:35:03.879,94,384,52
17:35:03.980,94,384,53
17:35:04.080,100,384,54
17:35:04.180,100,384,54
17:35:04.281,100,384,54
17:35:04.381,90,384,53
17:35:04.481,90,384,54
17:35:04.582,100,384,53
17:35:04.682,100,384,53
17:35:04.782,96,384,53
17:35:04.883,100,384,53
17:35:04.983,100,384,53
17:35:05.083,100,384,53
17:35:05.184,100,384,53
17:35:05.284,95,384,53
17:35:05.384,100,384,53
17:35:05.485,100,384,53
17:35:05.585,96,384,53
17:35:05.685,96,384,53
17:35:05.786,100,384,53
17:35:05.886,99,384,53
17:35:05.986,99,384,53
17:35:06.087,100,384,53
17:35:06.187,100,384,54
17:35:06.287,90,384,54
17:35:06.388,95,384,53
17:35:06.488,95,384,53
17:35:06.588,100,384,53
17:35:06.689,100,384,53
17:35:06.789,96,384,54
17:35:06.889,100,384,53
17:35:06.990,100,384,53
17:35:07.090,93,384,54
17:35:07.190,93,384,53
17:35:07.291,99,384,53
17:35:07.391,100,384,53
17:35:07.491,100,384,52
17:35:07.592,100,384,53
17:35:07.692,100,384,53
17:35:07.792,100,384,53
17:35:07.893,100,384,53
17:35:07.993,100,384,53
17:35:08.093,90,384,53
17:35:08.194,90,384,53
17:35:08.294,100,384,53
17:35:08.394,97,384,53
17:35:08.495,97,384,54
17:35:08.595,100,384,54
17:35:08.695,100,380,53
17:35:08.796,97,380,53
17:35:08.896,100,380,54
17:35:08.997,100,380,53
17:35:09.097,91,380,54
17:35:09.197,91,380,54
17:35:09.297,100,380,54
17:35:09.398,97,380,53
17:35:09.498,97,380,53
17:35:09.598,100,380,53
17:35:09.699,100,380,53
17:35:09.799,93,380,53
17:35:09.899,100,380,53
17:35:09.000,100,380,53
17:35:10.100,91,380,53
17:35:10.200,91,380,53
17:35:10.301,100,380,53
17:35:10.401,98,380,53
17:35:10.501,98,380,54
17:35:10.602,98,380,54
17:35:10.702,98,380,54
17:35:10.802,100,380,53
17:35:10.903,91,380,53
17:35:11.003,91,380,53
17:35:11.103,100,380,53
17:35:11.204,100,380,54
17:35:11.304,91,380,54
17:35:11.405,100,380,54
17:35:11.505,100,380,53
17:35:11.605,91,380,53
17:35:11.706,91,380,53
17:35:11.806,81,380,53
17:35:11.906,100,380,53
17:35:12.007,100,380,53
17:35:12.107,90,380,53
17:35:12.207,90,380,53
17:35:12.308,100,380,53
17:35:12.408,100,380,53
17:35:12.508,100,380,53
17:35:12.609,100,380,53
17:35:12.709,100,380,53
17:35:12.809,91,380,53
17:35:12.909,100,380,53
17:35:13.010,100,380,53
17:35:13.110,97,380,53
17:35:13.210,97,380,53
17:35:13.311,100,380,53
17:35:13.411,89,380,53
17:35:13.511,89,380,54
17:35:13.612,100,380,54
17:35:13.712,100,380,53
17:35:13.812,95,380,53
17:35:13.913,99,380,53
17:35:14.013,99,380,53
17:35:14.113,93,380,53
17:35:14.214,93,380,53
17:35:14.314,92,380,53
17:35:14.415,100,380,53
17:35:14.515,100,380,53
17:35:14.615,90,380,53
17:35:14.715,90,380,53
17:35:14.816,100,380,53
17:35:14.916,93,380,54
17:35:15.016,93,380,54
17:35:15.117,100,380,54
17:35:15.217,100,380,53
17:35:15.317,90,380,53
17:35:15.418,100,380,53
17:35:15.518,100,380,53
17:35:15.619,98,380,53
17:35:15.719,98,380,54
17:35:15.819,100,380,54
17:35:15.919,100,380,54
17:35:16.020,100,380,53
17:35:16.120,100,376,53
17:35:16.220,100,376,53
17:35:16.321,91,376,53
17:35:16.421,95,376,53
17:35:16.521,95,376,53
17:35:16.622,100,376,53
17:35:16.722,100,376,53
17:35:16.823,92,376,53
17:35:16.923,100,376,54
17:35:17.023,100,376,53
17:35:17.124,97,376,54
17:35:17.224,97,376,53
17:35:17.324,94,376,53
17:35:17.425,100,376,53
17:35:17.525,100,376,53
17:35:17.625,100,376,53
17:35:17.726,100,376,54
17:35:17.826,90,376,54
17:35:17.926,100,376,53
17:35:18.027,100,376,53
17:35:18.127,92,376,53
17:35:18.227,92,376,53
17:35:18.328,100,376,53
17:35:18.428,93,376,53
17:35:18.528,93,376,53
17:35:18.629,92,376,53
17:35:18.729,92,376,53
17:35:18.829,99,376,53
17:35:18.930,95,376,53
17:35:19.030,95,376,53
17:35:19.130,100,376,53
17:35:19.231,100,376,53
17:35:19.331,94,376,54
17:35:19.431,100,376,54
17:35:19.532,100,376,54
17:35:19.632,100,376,54
17:35:19.732,100,376,54
17:35:19.833,96,376,54
17:35:19.933,100,376,54
17:35:20.033,100,376,54
17:35:20.134,90,376,53
17:35:20.234,90,376,54
17:35:20.334,100,376,54
17:35:20.435,89,376,53
17:35:20.535,89,376,53
17:35:20.635,100,376,53
17:35:20.736,100,376,53
17:35:20.836,93,376,53
17:35:20.936,100,376,53
17:35:21.037,100,376,53
17:35:21.137,95,376,53
17:35:21.237,95,376,53
17:35:21.338,100,376,53
17:35:21.438,94,376,54
17:35:21.538,94,376,54
17:35:21.639,100,376,53
17:35:21.739,100,376,53
17:35:21.839,93,376,54
17:35:21.940,95,376,53
17:35:22.040,95,376,54
17:35:22.140,100,376,54
17:35:22.241,100,376,54
17:35:22.341,94,376,54
17:35:22.441,100,376,53
17:35:22.542,100,376,53
17:35:22.642,100,376,53
17:35:22.742,100,376,53
17:35:22.843,94,376,53
17:35:22.943,100,376,53
17:35:23.043,100,376,53
17:35:23.144,93,376,54
17:35:23.244,93,376,53
17:35:23.344,100,372,53
17:35:23.445,90,372,54
17:35:23.545,90,372,54
17:35:23.645,97,372,53
17:35:23.746,97,372,53
17:35:23.846,96,372,53
17:35:23.946,95,372,53
17:35:24.047,95,372,53
17:35:24.147,100,372,53
17:35:24.248,100,372,53
17:35:24.348,90,372,53
17:35:24.448,100,372,53
17:35:24.548,100,372,53
17:35:24.649,100,372,53
17:35:24.749,100,372,53
17:35:24.850,93,372,53
17:35:24.950,100,372,53
17:35:25.050,100,372,53
17:35:25.150,96,372,53
17:35:25.251,96,372,53
17:35:25.351,100,372,54
17:35:25.451,96,372,54
17:35:25.552,96,372,54
17:35:25.652,97,372,53
17:35:25.752,97,372,53
17:35:25.853,98,372,53
17:35:25.953,90,372,54
17:35:26.053,90,372,54
17:35:26.154,100,372,54
17:35:26.254,100,372,53
17:35:26.354,91,372,53
17:35:26.455,100,372,53
17:35:26.555,100,372,53
17:35:26.656,94,372,53
17:35:26.756,94,372,53
17:35:26.856,100,372,53
17:35:26.956,93,372,53
17:35:27.057,93,372,54
17:35:27.157,100,372,54
17:35:27.258,100,372,53
17:35:27.358,98,372,54
17:35:27.458,100,372,54
17:35:27.559,100,372,54
17:35:27.659,100,372,54
17:35:27.759,100,372,54
17:35:27.859,100,372,53
17:35:27.960,99,372,53
17:35:28.060,99,372,54
17:35:28.160,100,372,54
17:35:28.261,100,372,54
17:35:28.361,100,372,53
17:35:28.461,92,372,53
17:35:28.562,92,372,53
17:35:28.662,93,372,53
17:35:28.762,93,372,53
17:35:28.863,100,372,53
17:35:28.963,92,372,53
17:35:29.063,92,372,53
17:35:29.164,100,372,53
17:35:29.264,100,372,53
17:35:29.364,92,372,54
17:35:29.465,100,372,53
17:35:29.565,100,372,54
17:35:29.665,94,372,54
17:35:29.766,94,372,53
17:35:29.866,90,372,54
17:35:29.966,100,372,54
17:35:30.067,100,372,53
17:35:30.167,96,372,54
17:35:30.267,96,372,54
17:35:30.368,100,372,53
17:35:30.468,97,372,53
17:35:30.568,97,372,53
17:35:30.669,96,368,53
17:35:30.769,96,368,53
17:35:30.869,100,368,53
17:35:30.970,97,368,53
17:35:31.070,97,368,53
17:35:31.170,100,368,53
17:35:31.271,100,368,54
17:35:31.371,84,368,54
17:35:31.471,100,368,54
17:35:31.572,100,368,54
17:35:31.672,100,368,54
17:35:31.772,100,368,54
17:35:31.873,96,368,54
17:35:31.973,100,368,54
17:35:32.073,100,368,54
17:35:32.174,100,368,53
17:35:32.274,100,368,53
17:35:32.374,94,368,53
17:35:32.475,100,368,53
17:35:32.575,100,368,53
17:35:32.675,89,368,53
17:35:32.776,89,368,54
17:35:32.876,94,368,54
17:35:32.976,100,368,54
17:35:33.076,100,368,54
17:35:33.177,100,368,54
17:35:33.277,91,368,54
17:35:33.377,91,368,54
17:35:33.478,100,368,54
17:35:33.578,100,368,54
17:35:33.678,94,368,54
17:35:33.779,98,368,53
17:35:33.879,98,368,53
17:35:33.979,100,368,53
17:35:34.080,100,368,53
17:35:34.180,100,368,53
17:35:34.280,91,368,53
17:35:34.381,91,368,53
17:35:34.481,100,368,53
17:35:34.581,100,368,53
17:35:34.682,90,368,53
17:35:34.782,100,368,53
17:35:34.882,100,368,53
17:35:34.983,92,368,54
17:35:35.083,92,368,54
17:35:35.183,100,368,54
17:35:35.284,99,368,54
17:35:35.384,99,368,54
17:35:35.484,100,368,54
17:35:35.585,100,368,54
17:35:35.685,100,368,54
17:35:35.785,100,368,54
17:35:35.886,100,368,54
17:35:35.986,100,368,54
17:35:36.086,100,368,54
17:35:36.186,100,368,54
17:35:36.287,100,368,54
17:35:36.387,100,368,54
17:35:36.487,100,368,54
17:35:36.588,100,368,54
17:35:36.688,100,368,54
17:35:36.788,100,368,54
17:35:36.889,100,368,53
17:35:36.989,100,368,53
17:35:37.089,100,368,53
17:35:37.189,100,368,53
17:35:37.290,100,368,53
17:35:37.390,100,368,53
17:35:37.490,97,368,53
17:35:37.591,97,368,54
17:35:37.691,100,368,54
17:35:37.791,100,368,54
17:35:37.892,100,368,54
17:35:37.992,100,368,54
17:35:38.092,100,368,54
17:35:38.193,89,368,54
17:35:38.293,98,368,53
17:35:38.393,98,368,54
17:35:38.494,100,368,54
17:35:38.594,100,368,53
17:35:38.694,100,368,53
17:35:38.795,96,368,53
17:35:38.895,96,368,53
17:35:38.995,93,368,53
17:35:39.096,93,368,54
17:35:39.196,95,368,53
17:35:39.296,87,368,53
17:35:39.397,87,368,54
17:35:39.497,100,368,54
17:35:39.598,100,364,54
17:35:39.698,93,364,54
17:35:39.798,100,364,54
17:35:39.899,100,364,53
17:35:39.999,97,364,53
17:35:40.099,97,364,53
17:35:40.200,100,364,53
17:35:40.300,100,364,53
17:35:40.400,100,364,53
17:35:40.500,91,364,54
17:35:40.601,91,364,54
17:35:40.701,100,364,54
17:35:40.801,90,364,54
17:35:40.902,90,364,54
17:35:41.002,100,364,54
17:35:41.102,100,364,54
17:35:41.203,99,364,54
17:35:41.303,99,364,54
17:35:41.404,99,365,53
17:35:41.504,61,366,52
17:35:41.605,61,366,52
17:35:41.705,0,366,52
17:35:41.806,0,366,52
17:35:41.906,0,366,52
17:35:42.007,0,366,52
17:35:42.107,0,366,52
17:35:42.208,0,366,52
17:35:42.308,0,366,52
17:35:42.408,0,366,52
17:35:42.509,0,366,52
17:35:42.609,0,366,52
17:35:42.710,0,366,52
17:35:42.810,0,366,52
17:35:42.911,0,366,52
17:35:43.011,0,366,52
17:35:43.111,0,366,52
17:35:43.212,0,366,52
17:35:43.312,0,366,52
17:35:43.413,0,366,52
17:35:43.513,0,366,52
17:35:43.614,0,366,52
17:35:43.714,0,366,52
17:35:43.814,0,366,51
17:35:43.915,0,366,52
17:35:44.015,0,366,51
17:35:44.116,0,366,51
17:35:44.216,0,365,51
17:35:44.317,0,365,51
17:35:44.417,0,365,51
17:35:44.518,0,365,50
17:35:44.618,0,365,50
17:35:44.719,0,365,50
17:35:44.819,0,365,50
17:35:44.919,0,365,50
17:35:45.020,0,365,50
17:35:45.120,0,365,50
17:35:45.221,0,365,50
17:35:45.321,0,365,50
17:35:45.422,0,365,50
17:35:45.522,0,365,50
17:35:45.622,0,365,50
17:35:45.723,0,365,50
17:35:45.823,0,365,50
17:35:45.924,0,365,50
17:35:46.024,0,365,50
17:35:46.125,0,365,50
17:35:46.225,0,365,50
17:35:46.325,0,365,50
17:35:46.426,0,364,50
17:35:46.526,0,364,50
17:35:46.627,0,364,50
17:35:46.727,0,364,50
17:35:46.828,0,364,50
17:35:46.928,0,364,49
17:35:47.029,0,364,49
17:35:47.129,0,364,49
17:35:47.230,0,364,49
17:35:47.331,0,364,49
17:35:47.431,0,364,49
17:35:47.532,0,364,49
17:35:47.632,0,364,49
17:35:47.733,0,364,49
17:35:47.834,0,364,49
17:35:47.934,0,364,49
17:35:48.035,0,364,49
17:35:48.135,0,364,49
17:35:48.236,0,364,49
17:35:48.337,0,364,49
17:35:48.437,0,364,49
17:35:48.538,0,364,49
17:35:48.638,0,364,49
17:35:48.739,0,364,48
17:35:48.840,0,364,49
17:35:48.940,0,364,48
17:35:49.041,0,364,49
17:35:49.141,0,364,48
17:35:49.242,0,364,48
17:35:49.343,0,364,48
17:35:49.443,0,364,48
17:35:49.544,0,364,48
17:35:49.644,0,364,48
17:35:49.745,0,364,48
17:35:49.845,0,364,48
17:35:49.946,0,364,48
17:35:50.046,0,364,48
17:35:50.147,0,364,48
17:35:50.248,0,364,48
17:35:50.348,0,364,48
17:35:50.449,0,364,48
17:35:50.549,0,364,48
17:35:50.650,0,364,48
17:35:50.750,0,364,48
17:35:50.851,0,364,48
17:35:50.952,0,364,48
17:35:51.052,0,364,48
17:35:51.153,0,364,48
17:35:51.253,0,364,48
17:35:51.354,0,364,48
17:35:51.454,0,364,48
17:35:51.555,0,364,48
17:35:51.656,0,364,48
17:35:51.756,0,364,48
17:35:51.857,0,364,48
17:35:51.957,0,364,48
17:35:52.058,0,364,48
17:35:52.158,0,364,47
17:35:52.259,0,364,48
17:35:52.360,0,364,48
17:35:52.460,0,364,48
17:35:52.561,0,364,48
17:35:52.662,0,364,47
17:35:52.762,0,364,47
17:35:52.863,0,364,47
17:35:52.963,0,364,48
17:35:53.064,0,364,48
17:35:53.164,0,364,47
17:35:53.265,0,364,47
17:35:53.365,0,364,47
17:35:53.466,0,364,47
17:35:53.567,0,367,47
17:35:53.667,20,368,47
17:35:53.768,20,388,47
17:35:53.868,34,389,47
17:35:53.969,34,388,47
17:35:54.069,22,388,47
17:35:54.170,7,388,47
17:35:54.271,7,388,47
17:35:54.371,0,388,47
17:35:54.472,0,388,47
17:35:54.573,2,388,47
17:35:54.673,2,388,47
17:35:54.774,2,388,47
17:35:54.875,0,388,47
17:35:54.975,0,388,47
17:35:55.076,0,388,47
17:35:55.177,0,388,47
17:35:55.277,0,388,47
17:35:55.378,2,388,47
17:35:55.478,2,388,47
17:35:55.579,0,388,47
17:35:55.680,0,388,47
